写真ファイル名,ambulance,bicycle,bus,cab,car,garbage truck,go-cart,go-carts,motorcycle,police car,truck
20240513_000000.jpg,0,0,0,5,9,0,0,0,0,0,0
20240513_000100.jpg,0,0,0,3,3,0,0,0,0,0,0
20240513_000200.jpg,0,0,0,3,6,0,0,0,0,0,0
20240513_000300.jpg,0,0,0,3,5,0,0,0,0,0,0
20240513_000400.jpg,0,0,0,5,9,0,0,0,0,0,0
20240513_000500.jpg,0,0,0,5,5,0,0,0,0,0,0
20240513_000600.jpg,0,0,0,6,10,0,0,0,0,0,0
20240513_000700.jpg,0,0,0,2,2,0,0,0,0,0,0
20240513_000800.jpg,0,0,0,7,4,0,0,0,0,0,0
20240513_000900.jpg,0,0,0,3,4,0,0,0,0,0,0
20240513_001000.jpg,0,0,0,6,3,0,0,0,0,0,0
20240513_001100.jpg,0,0,0,3,3,0,0,0,0,0,0
20240513_001200.jpg,0,0,0,3,4,0,0,0,0,0,0
20240513_001300.jpg,0,0,0,2,3,0,0,0,0,0,0
20240513_001400.jpg,0,0,0,5,5,0,0,0,0,0,0
20240513_001500.jpg,0,0,0,2,3,0,0,0,0,0,0
20240513_001600.jpg,0,0,0,3,4,0,0,0,1,0,0
20240513_001700.jpg,0,0,0,1,5,0,0,0,0,0,0
20240513_001800.jpg,0,0,0,3,3,0,0,0,0,0,0
20240513_001900.jpg,0,0,0,4,2,0,0,0,0,0,0
20240513_002000.jpg,0,0,0,4,5,0,0,0,0,0,0
20240513_002100.jpg,0,0,0,2,3,0,0,0,0,0,0
20240513_002200.jpg,0,0,0,2,3,0,0,0,0,0,0
20240513_002300.jpg,0,0,0,3,3,0,0,0,0,0,0
20240513_002400.jpg,0,0,0,4,3,0,0,0,0,0,0
20240513_002500.jpg,0,0,0,4,0,0,0,0,0,0,0
20240513_002600.jpg,0,0,0,4,4,0,0,0,0,0,0
20240513_002700.jpg,0,0,0,6,2,0,0,0,0,0,0
20240513_002800.jpg,0,0,0,8,4,0,0,0,0,0,0
20240513_002900.jpg,0,0,0,4,1,0,0,0,0,0,0
20240513_003000.jpg,0,0,0,6,3,0,0,0,0,0,0
20240513_003100.jpg,0,0,0,1,0,0,0,0,0,0,0
20240513_003200.jpg,0,0,0,5,1,0,0,0,0,0,0
20240513_003300.jpg,0,0,0,4,2,0,0,0,0,0,1
20240513_003400.jpg,0,0,0,3,4,0,0,0,0,0,2
20240513_003500.jpg,0,0,0,4,1,0,0,0,0,0,0
20240513_003600.jpg,0,0,0,3,5,0,0,0,0,0,0
20240513_003700.jpg,0,0,0,5,1,0,0,0,0,0,1
20240513_003800.jpg,0,0,0,5,2,0,0,0,0,0,1
20240513_003900.jpg,0,0,0,3,2,0,0,0,0,0,0
20240513_004000.jpg,0,0,0,2,5,0,0,0,0,0,0
20240513_004100.jpg,0,0,0,4,0,0,0,0,0,0,0
20240513_004200.jpg,0,0,0,7,1,0,0,0,0,0,0
20240513_004300.jpg,0,0,0,2,1,0,0,0,0,0,0
20240513_004400.jpg,0,0,0,4,2,0,0,0,0,0,0
20240513_004500.jpg,0,0,0,4,2,0,0,0,0,0,0
20240513_004600.jpg,0,0,0,5,1,0,0,0,0,0,0
20240513_004700.jpg,0,0,0,5,0,0,0,0,0,0,0
20240513_004800.jpg,0,0,0,7,3,0,0,0,0,0,0
20240513_004900.jpg,0,0,0,5,2,0,0,0,1,0,0
20240513_005000.jpg,0,0,0,3,4,0,0,0,0,0,0
20240513_005100.jpg,0,0,0,6,2,0,0,0,0,0,0
20240513_005200.jpg,0,0,0,5,5,0,0,0,0,0,0
20240513_005300.jpg,0,0,0,6,3,0,0,0,0,0,0
20240513_005400.jpg,0,0,0,5,5,0,0,0,1,0,0
20240513_005500.jpg,0,0,0,4,4,0,0,0,1,0,0
20240513_005600.jpg,0,0,0,4,5,0,0,0,0,0,0
20240513_005700.jpg,0,0,1,3,3,1,0,0,0,0,0
20240513_005800.jpg,0,0,1,5,3,0,0,0,0,0,0
20240513_005900.jpg,0,0,0,3,1,0,0,0,0,0,0
20240513_010000.jpg,0,0,0,6,4,0,0,0,0,0,0
20240513_010100.jpg,0,0,0,3,1,0,0,0,0,0,0
20240513_010200.jpg,0,0,0,3,3,0,0,0,0,0,0
20240513_010300.jpg,0,1,0,3,2,0,0,0,0,0,0
20240513_010400.jpg,0,0,0,4,3,0,0,0,0,0,0
20240513_010500.jpg,0,0,0,3,1,0,0,0,0,0,0
20240513_010600.jpg,0,0,0,3,6,0,0,0,0,0,0
20240513_010700.jpg,0,0,0,3,2,0,0,0,0,0,1
20240513_010800.jpg,0,0,0,4,2,0,0,0,0,0,1
20240513_010900.jpg,0,0,0,7,1,0,0,0,0,0,0
20240513_011000.jpg,0,0,0,5,5,0,0,0,0,0,0
20240513_011100.jpg,0,0,0,4,2,0,0,0,0,0,0
20240513_011200.jpg,0,0,0,3,6,0,0,0,0,0,1
20240513_011300.jpg,0,0,0,5,3,0,0,0,0,0,1
20240513_011400.jpg,0,0,0,5,6,0,0,0,0,0,1
20240513_011500.jpg,0,0,0,6,1,0,0,0,0,0,0
20240513_011600.jpg,0,0,0,6,4,0,0,0,0,0,0
20240513_011700.jpg,0,0,0,5,3,0,0,0,0,0,0
20240513_011800.jpg,0,0,0,5,6,0,0,0,0,0,0
20240513_011900.jpg,0,0,0,4,2,0,0,0,0,0,0
20240513_012000.jpg,0,0,0,4,6,0,0,0,0,0,0
20240513_012100.jpg,0,0,0,3,1,0,0,0,0,0,0
20240513_012200.jpg,0,0,0,3,3,0,0,0,0,0,0
20240513_012300.jpg,0,0,0,6,4,0,0,0,0,0,0
20240513_012400.jpg,0,0,0,6,5,0,0,0,0,0,0
20240513_012500.jpg,0,0,0,4,1,0,0,0,1,0,0
20240513_012600.jpg,0,0,0,5,2,0,0,0,0,0,0
20240513_012700.jpg,0,0,0,6,1,0,0,0,0,0,0
20240513_012800.jpg,0,0,0,10,5,0,0,0,0,0,0
20240513_012900.jpg,0,0,0,2,6,0,0,0,0,0,0
20240513_013000.jpg,0,0,0,3,3,0,0,0,0,0,0
20240513_013100.jpg,0,0,0,3,4,0,0,0,0,0,0
20240513_013200.jpg,0,0,0,5,2,0,0,0,0,0,0
20240513_013300.jpg,0,0,0,4,1,0,0,0,0,0,0
20240513_013400.jpg,0,0,0,5,5,0,0,0,0,0,0
20240513_013500.jpg,0,0,0,3,2,0,0,0,0,0,0
20240513_013600.jpg,0,0,0,2,6,0,0,0,0,0,0
20240513_013700.jpg,0,0,0,3,1,0,0,0,0,0,0
20240513_013800.jpg,0,0,0,5,3,0,0,0,0,0,0
20240513_013900.jpg,0,0,0,5,1,0,0,0,0,0,0
20240513_014000.jpg,0,0,0,5,5,0,0,0,0,0,0
20240513_014100.jpg,0,0,0,4,2,0,0,0,0,0,0
20240513_014200.jpg,0,0,0,5,3,0,0,0,0,0,0
20240513_014300.jpg,0,0,0,2,5,0,0,0,0,0,0
20240513_014400.jpg,0,0,0,4,4,0,0,0,0,0,0
20240513_014500.jpg,0,0,0,2,2,0,0,0,0,0,0
20240513_014600.jpg,0,0,0,1,2,0,0,0,0,0,0
20240513_014700.jpg,0,0,0,3,2,0,0,0,0,0,0
20240513_014800.jpg,0,0,0,4,5,0,0,0,0,0,0
20240513_014900.jpg,0,0,0,5,2,0,0,0,0,0,0
20240513_015000.jpg,0,0,0,6,3,0,0,0,0,0,0
20240513_015100.jpg,0,1,0,1,3,0,0,0,0,0,0
20240513_015200.jpg,0,0,0,1,5,0,0,0,0,0,0
20240513_015300.jpg,0,0,0,2,2,0,0,0,0,0,0
20240513_015400.jpg,0,0,0,1,2,0,0,0,0,0,0
20240513_015500.jpg,0,0,0,2,3,0,0,0,0,0,0
20240513_015600.jpg,0,0,0,2,4,0,0,0,0,0,0
20240513_015700.jpg,0,0,0,4,2,0,0,0,0,0,0
20240513_015800.jpg,0,0,0,5,4,0,0,0,0,0,0
20240513_015900.jpg,0,0,0,2,2,0,0,0,0,0,0
20240513_020000.jpg,0,0,0,3,1,0,0,0,0,0,0
20240513_020100.jpg,0,0,0,5,2,0,0,0,0,0,0
20240513_020200.jpg,0,0,0,5,6,0,0,0,0,0,0
20240513_020300.jpg,0,0,0,4,6,0,0,0,0,0,0
20240513_020400.jpg,0,0,0,4,9,0,0,0,0,0,0
20240513_020500.jpg,0,0,0,4,3,0,0,0,0,0,0
20240513_020600.jpg,0,0,0,3,3,0,0,0,0,0,0
20240513_020700.jpg,0,0,0,2,4,0,0,0,0,0,0
20240513_020800.jpg,0,0,0,2,3,0,0,0,0,0,0
20240513_020900.jpg,0,0,0,3,2,0,0,0,0,0,0
20240513_021000.jpg,0,0,0,3,0,0,0,0,0,0,0
20240513_021100.jpg,0,0,0,4,4,0,0,0,0,0,0
20240513_021200.jpg,0,0,0,6,3,0,0,0,0,0,0
20240513_021300.jpg,0,0,0,4,3,0,0,0,0,0,0
20240513_021400.jpg,0,0,0,2,3,0,0,0,0,0,0
20240513_021500.jpg,0,0,0,1,1,0,0,0,0,0,0
20240513_021600.jpg,0,0,0,0,7,0,0,0,0,0,0
20240513_021700.jpg,0,0,0,2,1,0,0,0,0,0,0
20240513_021800.jpg,0,0,0,2,4,0,0,0,0,0,0
20240513_021900.jpg,0,0,0,3,2,0,0,0,0,0,0
20240513_022000.jpg,0,0,0,2,0,0,0,0,0,0,0
20240513_022100.jpg,0,0,0,1,3,0,0,0,0,0,0
20240513_022200.jpg,0,0,0,1,2,0,0,0,0,0,0
20240513_022300.jpg,0,0,0,4,2,0,0,0,0,0,0
20240513_022400.jpg,0,0,0,5,4,0,0,0,0,0,0
20240513_022500.jpg,0,0,0,4,3,0,0,0,1,0,0
20240513_022600.jpg,0,0,0,3,4,0,0,0,1,0,0
20240513_022700.jpg,0,0,0,1,1,0,0,0,0,0,0
20240513_022800.jpg,0,0,0,2,2,0,0,0,0,0,0
20240513_022900.jpg,0,0,0,1,2,0,0,0,0,0,0
20240513_023000.jpg,0,0,0,3,3,0,0,0,0,0,0
20240513_023100.jpg,0,0,0,3,3,0,0,0,0,0,0
20240513_023200.jpg,0,0,0,3,6,0,0,0,0,0,0
20240513_023300.jpg,0,0,0,3,2,0,0,0,0,0,0
20240513_023400.jpg,0,0,0,2,2,0,0,0,0,0,0
20240513_023500.jpg,0,0,0,3,2,0,0,0,0,0,0
20240513_023600.jpg,0,0,0,1,2,0,0,0,0,0,0
20240513_023700.jpg,0,0,0,2,0,0,0,0,0,0,0
20240513_023800.jpg,0,0,0,0,1,0,0,0,0,0,0
20240513_023900.jpg,0,0,0,3,1,0,0,0,0,0,0
20240513_024000.jpg,0,0,0,1,4,0,0,0,0,0,0
20240513_024100.jpg,0,0,0,2,1,0,0,0,0,0,0
20240513_024200.jpg,0,0,0,3,0,0,0,0,0,0,0
20240513_024300.jpg,0,0,0,4,0,0,0,0,0,0,0
20240513_024400.jpg,0,0,0,2,2,0,0,0,0,0,0
20240513_024500.jpg,0,0,0,2,1,0,0,0,0,0,0
20240513_024600.jpg,0,0,0,2,1,0,0,0,0,0,0
20240513_024700.jpg,0,0,0,3,0,0,0,0,0,0,0
20240513_024800.jpg,0,0,0,2,0,0,0,0,0,0,0
20240513_024900.jpg,0,0,0,3,0,0,0,0,0,0,0
20240513_025000.jpg,0,0,0,2,0,0,0,0,0,0,0
20240513_025100.jpg,0,0,0,3,0,0,0,0,0,0,0
20240513_025200.jpg,0,0,0,1,0,0,0,0,0,0,0
20240513_025300.jpg,0,0,0,3,0,0,0,0,0,0,0
20240513_025400.jpg,0,0,0,3,4,0,0,0,0,0,0
20240513_025500.jpg,0,0,0,2,1,0,0,0,0,0,0
20240513_025600.jpg,0,0,0,1,0,0,0,0,0,0,0
20240513_025700.jpg,0,0,0,4,2,0,0,0,0,0,0
20240513_025800.jpg,0,0,0,3,1,0,0,0,0,0,0
20240513_025900.jpg,0,0,0,2,1,0,0,0,0,0,0
20240513_030000.jpg,0,0,0,3,0,0,0,0,0,0,0
20240513_030100.jpg,0,0,0,3,1,0,0,0,0,0,0
20240513_030200.jpg,0,0,0,2,0,0,0,0,0,0,0
20240513_030300.jpg,0,0,0,2,1,0,0,0,0,0,0
20240513_030400.jpg,0,0,0,2,4,0,0,0,0,0,0
20240513_030500.jpg,0,0,0,1,2,0,0,0,0,0,0
20240513_030600.jpg,0,0,0,1,1,0,0,0,0,0,0
20240513_030700.jpg,0,0,0,2,2,0,0,0,0,0,0
20240513_030800.jpg,0,0,0,2,0,0,0,0,0,0,0
20240513_030900.jpg,0,0,0,2,0,0,0,0,0,0,0
20240513_031000.jpg,0,0,0,1,0,0,0,0,0,0,0
20240513_031100.jpg,0,0,0,3,1,0,0,0,0,0,0
20240513_031200.jpg,0,0,0,2,2,0,0,0,0,0,0
20240513_031300.jpg,0,0,0,2,1,0,0,0,0,0,0
20240513_031400.jpg,0,0,0,1,1,0,0,0,0,0,0
20240513_031500.jpg,0,0,0,1,1,0,0,0,0,0,0
20240513_031600.jpg,0,0,0,1,0,0,0,0,0,0,0
20240513_031700.jpg,0,0,0,3,0,0,0,0,0,0,0
20240513_031800.jpg,0,0,0,1,2,0,0,0,0,0,0
20240513_031900.jpg,0,0,0,1,1,0,0,0,0,0,0
20240513_032000.jpg,0,0,0,2,1,0,0,0,0,0,0
20240513_032100.jpg,0,0,0,1,0,0,0,0,0,0,0
20240513_032200.jpg,0,0,0,0,0,0,0,0,0,0,0
20240513_032300.jpg,0,0,0,0,0,0,0,0,0,0,0
20240513_032400.jpg,0,0,0,0,2,0,0,0,0,0,0
20240513_032500.jpg,0,0,0,2,0,0,0,0,0,0,0
20240513_032600.jpg,0,0,0,3,5,0,0,0,0,0,0
20240513_032700.jpg,0,0,0,1,1,0,0,0,0,0,0
20240513_032800.jpg,0,0,0,1,2,0,0,0,0,0,0
20240513_032900.jpg,0,0,0,1,3,0,0,0,0,0,0
20240513_033000.jpg,0,0,0,1,5,0,0,0,0,0,0
20240513_033100.jpg,0,0,0,0,1,0,0,0,0,0,0
20240513_033200.jpg,0,0,0,0,1,0,0,0,0,0,0
20240513_033300.jpg,0,0,0,1,2,0,0,0,0,0,0
20240513_033400.jpg,0,0,0,1,1,0,0,0,0,0,0
20240513_033500.jpg,0,0,0,1,2,0,0,0,0,0,0
20240513_033600.jpg,0,0,0,2,3,0,0,0,0,0,0
20240513_033700.jpg,0,0,0,1,1,0,0,0,0,0,0
20240513_033800.jpg,0,0,0,1,2,0,0,0,0,0,0
20240513_033900.jpg,0,0,0,3,0,0,0,0,0,0,0
20240513_034000.jpg,0,0,0,2,0,0,0,0,0,0,0
20240513_034100.jpg,0,0,0,1,1,0,0,0,0,0,0
20240513_034200.jpg,0,0,0,2,2,0,0,0,0,0,0
20240513_034300.jpg,0,0,0,2,2,0,0,0,0,0,0
20240513_034400.jpg,0,0,0,0,3,0,0,0,0,0,1
20240513_034500.jpg,0,0,0,1,3,0,0,0,0,0,0
20240513_034600.jpg,0,0,0,1,2,0,0,0,0,0,0
20240513_034700.jpg,0,0,0,2,0,0,0,0,0,0,0
20240513_034800.jpg,0,0,0,2,1,0,0,0,0,0,0
20240513_034900.jpg,0,0,0,1,1,0,0,0,0,0,0
20240513_035000.jpg,0,0,0,2,0,0,0,0,0,0,0
20240513_035100.jpg,0,0,0,2,1,0,0,0,0,0,0
20240513_035200.jpg,0,0,0,2,1,0,0,0,0,0,0
20240513_035300.jpg,0,0,0,1,2,0,0,0,0,0,0
20240513_035400.jpg,0,0,0,1,1,0,0,0,0,0,0
20240513_035500.jpg,0,0,0,1,2,0,0,0,0,0,0
20240513_035600.jpg,0,0,0,1,1,0,0,0,0,0,0
20240513_035700.jpg,0,0,0,2,0,0,0,0,0,0,0
20240513_035800.jpg,0,0,0,1,1,0,0,0,0,0,0
20240513_035900.jpg,0,0,0,1,2,0,0,0,0,0,0
20240513_040000.jpg,0,0,0,0,1,0,0,0,0,0,0
20240513_040100.jpg,0,0,0,1,1,0,0,0,0,0,0
20240513_040200.jpg,0,0,0,0,2,0,0,0,0,0,1
20240513_040300.jpg,0,0,0,0,2,0,0,0,0,0,0
20240513_040400.jpg,0,0,0,1,1,0,0,0,0,0,0
20240513_040500.jpg,0,0,0,2,1,0,0,0,0,0,0
20240513_040600.jpg,0,0,0,1,0,0,0,0,0,0,0
20240513_040700.jpg,0,0,0,1,1,0,0,0,0,0,0
20240513_040800.jpg,0,0,0,1,1,0,0,0,0,0,0
20240513_040900.jpg,0,0,0,0,0,0,0,0,1,0,1
20240513_041000.jpg,0,0,0,1,2,0,0,0,0,0,0
20240513_041100.jpg,0,0,0,3,3,0,0,0,0,0,0
20240513_041200.jpg,0,0,0,1,2,0,0,0,0,0,0
20240513_041300.jpg,0,0,0,0,2,0,0,0,0,0,0
20240513_041400.jpg,0,0,0,0,1,1,0,0,0,0,0
20240513_041500.jpg,0,0,0,1,0,0,0,0,0,0,0
20240513_041600.jpg,0,0,0,2,2,0,0,0,0,0,0
20240513_041700.jpg,0,0,0,1,1,0,0,0,1,0,0
20240513_041800.jpg,0,0,0,1,1,0,0,0,0,0,0
20240513_041900.jpg,0,0,0,2,1,0,0,0,0,0,0
20240513_042000.jpg,0,0,0,0,2,0,0,0,0,0,0
20240513_042100.jpg,0,0,0,1,0,0,0,0,0,0,1
20240513_042200.jpg,0,0,0,2,0,0,0,0,0,0,0
20240513_042300.jpg,0,0,0,1,1,0,0,0,0,0,1
20240513_042400.jpg,0,0,0,1,1,2,0,0,0,0,0
20240513_042500.jpg,0,0,0,1,1,0,0,0,0,0,0
20240513_042600.jpg,0,0,0,2,2,1,0,0,0,0,0
20240513_042700.jpg,0,0,0,2,1,0,0,0,0,0,1
20240513_042800.jpg,0,0,0,0,3,0,0,0,0,0,0
20240513_042900.jpg,0,0,0,0,0,0,0,0,0,0,0
20240513_043000.jpg,0,0,0,0,0,0,0,0,0,0,0
20240513_043100.jpg,0,0,0,1,0,0,0,0,0,0,0
20240513_043200.jpg,0,0,0,1,0,0,0,0,0,0,1
20240513_043300.jpg,0,0,0,0,0,0,0,0,0,0,0
20240513_043400.jpg,0,0,0,1,0,0,0,0,0,0,0
20240513_043500.jpg,0,0,0,0,0,0,0,0,0,0,0
20240513_043600.jpg,0,0,0,0,1,0,0,0,0,0,0
20240513_043700.jpg,0,0,0,0,0,0,0,0,0,0,0
20240513_043800.jpg,0,0,0,1,0,0,0,0,0,0,0
20240513_043900.jpg,0,0,0,0,0,0,0,0,0,0,0
20240513_044000.jpg,0,0,0,0,0,0,0,0,0,0,0
20240513_044100.jpg,0,0,0,0,0,0,0,0,0,0,0
20240513_044200.jpg,0,0,0,0,0,0,0,0,0,0,0
20240513_044300.jpg,0,0,0,0,0,0,0,0,0,0,0
20240513_044400.jpg,0,0,0,0,0,0,0,0,0,0,0
20240513_044500.jpg,0,1,0,0,0,0,0,0,0,0,0
20240513_044600.jpg,0,0,0,1,0,0,0,0,0,0,0
20240513_044700.jpg,0,0,0,0,1,0,0,0,0,0,0
20240513_044800.jpg,0,0,0,0,0,0,0,0,0,0,0
20240513_044900.jpg,0,0,0,0,0,0,0,0,0,0,0
20240513_045000.jpg,0,0,0,1,0,0,0,0,0,0,0
20240513_045100.jpg,0,0,0,0,0,0,0,0,0,0,1
20240513_045200.jpg,0,0,0,0,1,0,0,0,0,0,0
20240513_045300.jpg,0,0,0,0,0,0,0,0,0,0,0
20240513_045400.jpg,0,0,0,0,1,0,0,0,0,0,1
20240513_045500.jpg,0,0,0,0,1,0,0,0,0,0,0
20240513_045600.jpg,0,0,0,0,1,0,0,0,0,0,0
20240513_045700.jpg,0,0,0,0,0,0,0,0,0,0,0
20240513_045800.jpg,0,0,0,1,0,0,0,0,0,0,0
20240513_045900.jpg,0,0,0,0,0,0,0,0,0,0,0
20240513_050000.jpg,0,0,0,0,0,0,0,0,0,0,0
20240513_050100.jpg,0,0,0,0,0,0,0,0,0,0,0
20240513_050200.jpg,0,0,0,0,0,0,0,0,0,0,0
20240513_050300.jpg,0,0,0,0,0,0,0,0,0,0,0
20240513_050400.jpg,0,0,0,0,0,0,0,0,0,0,0
20240513_050500.jpg,0,0,0,0,0,0,0,0,0,0,0
20240513_050600.jpg,0,0,0,0,1,0,0,0,0,0,0
20240513_050700.jpg,0,0,0,0,0,0,0,0,0,0,0
20240513_050800.jpg,0,0,0,1,0,0,0,0,1,0,0
20240513_050900.jpg,0,0,0,0,1,0,0,0,0,0,0
20240513_051000.jpg,0,0,0,0,2,0,0,0,0,0,0
20240513_051100.jpg,0,0,0,0,0,0,0,0,0,0,0
20240513_051200.jpg,0,0,0,1,0,0,0,0,0,0,0
20240513_051300.jpg,0,0,0,0,1,0,0,0,0,0,1
20240513_051400.jpg,0,0,0,1,0,0,0,0,0,0,0
20240513_051500.jpg,0,0,0,1,1,0,0,0,0,0,0
20240513_051600.jpg,0,0,0,0,0,0,0,0,0,0,0
20240513_051700.jpg,0,0,0,1,0,0,0,0,0,0,0
20240513_051800.jpg,0,0,0,0,0,0,0,0,0,0,0
20240513_051900.jpg,0,0,0,0,0,0,0,0,0,0,0
20240513_052000.jpg,0,0,0,0,0,0,0,0,0,0,0
20240513_052100.jpg,0,0,0,0,0,0,0,0,0,0,0
20240513_052200.jpg,0,0,0,0,1,0,0,0,0,0,0
20240513_052300.jpg,0,0,0,0,0,0,0,0,0,0,1
20240513_052400.jpg,0,0,0,0,0,0,0,0,0,0,0
20240513_052500.jpg,0,0,0,2,0,0,0,0,0,0,0
20240513_052600.jpg,0,0,0,0,0,0,0,0,0,0,0
20240513_052700.jpg,0,0,1,1,0,0,0,0,0,0,0
20240513_052800.jpg,0,0,0,0,0,0,0,0,0,0,0
20240513_052900.jpg,0,0,0,1,0,0,0,0,0,0,0
20240513_053000.jpg,0,0,0,0,0,0,0,0,0,0,0
20240513_053100.jpg,0,0,0,0,1,0,0,0,0,0,0
20240513_053200.jpg,0,0,0,2,0,0,0,0,0,0,1
20240513_053300.jpg,0,0,2,1,0,0,0,0,0,0,2
20240513_053400.jpg,0,0,0,0,0,1,0,0,0,0,0
20240513_053500.jpg,0,0,0,0,5,1,0,0,0,0,0
20240513_053600.jpg,0,0,0,0,0,0,0,0,0,0,0
20240513_053700.jpg,0,0,0,1,0,0,0,0,0,0,2
20240513_053800.jpg,0,0,0,1,2,0,0,0,0,0,0
20240513_053900.jpg,0,0,0,1,1,0,0,0,0,0,0
20240513_054000.jpg,0,0,0,0,2,0,0,0,0,0,0
20240513_054100.jpg,0,0,0,0,2,0,0,0,0,0,0
20240513_054200.jpg,0,0,0,0,3,0,0,0,0,0,0
20240513_054300.jpg,0,0,0,0,1,0,0,0,0,0,0
20240513_054400.jpg,0,0,0,0,3,0,0,0,0,0,0
20240513_054500.jpg,0,0,1,0,1,0,0,0,0,0,0
20240513_054600.jpg,0,0,0,0,2,0,0,0,0,0,0
20240513_054700.jpg,0,0,0,0,2,0,0,0,1,0,0
20240513_054800.jpg,0,0,0,0,1,0,0,0,0,0,1
20240513_054900.jpg,0,0,0,1,2,0,0,0,0,0,0
20240513_055000.jpg,0,0,0,0,1,0,0,0,0,0,1
20240513_055100.jpg,0,0,0,0,1,0,0,0,0,0,1
20240513_055200.jpg,0,0,0,0,1,0,0,0,0,0,0
20240513_055300.jpg,0,0,0,1,2,0,0,0,0,0,0
20240513_055400.jpg,0,0,1,0,2,0,0,0,0,0,0
20240513_055500.jpg,0,0,0,0,0,0,0,0,0,0,1
20240513_055600.jpg,0,0,0,0,1,0,0,0,0,0,1
20240513_055700.jpg,0,0,0,0,0,0,0,0,0,0,0
20240513_055800.jpg,0,0,1,0,2,0,0,0,0,0,0
20240513_055900.jpg,0,0,0,0,0,0,0,0,0,0,0
20240513_060000.jpg,0,0,0,0,2,0,0,0,0,0,1
20240513_060100.jpg,0,0,2,0,6,0,0,0,1,0,0
20240513_060200.jpg,0,0,2,0,2,0,0,0,0,0,1
20240513_060300.jpg,0,0,1,0,3,0,0,0,0,0,0
20240513_060400.jpg,0,0,1,0,0,0,0,0,0,0,0
20240513_060500.jpg,0,0,1,0,2,0,0,0,0,0,0
20240513_060600.jpg,0,0,1,0,6,0,0,0,0,0,0
20240513_060700.jpg,0,0,1,0,1,0,0,0,0,0,1
20240513_060800.jpg,0,0,1,0,3,0,0,0,0,0,1
20240513_060900.jpg,0,0,0,0,1,0,0,0,0,0,1
20240513_061000.jpg,0,0,0,0,1,0,0,0,0,0,2
20240513_061100.jpg,0,0,0,0,1,0,0,0,0,0,1
20240513_061200.jpg,0,0,0,0,1,0,0,0,0,0,2
20240513_061300.jpg,0,0,1,0,1,0,0,0,0,0,1
20240513_061400.jpg,0,0,0,0,0,0,0,0,0,0,2
20240513_061500.jpg,0,0,1,2,1,0,0,0,0,0,1
20240513_061600.jpg,0,0,1,1,0,0,0,0,0,0,0
20240513_061700.jpg,0,0,0,1,1,0,0,0,0,0,2
20240513_061800.jpg,0,0,1,0,2,0,0,0,0,0,1
20240513_061900.jpg,0,0,0,1,0,0,0,0,0,0,1
20240513_062000.jpg,0,0,1,1,1,0,0,0,0,0,1
20240513_062100.jpg,0,0,1,1,1,0,0,0,0,0,1
20240513_062200.jpg,0,0,0,0,6,0,0,0,0,0,1
20240513_062300.jpg,0,0,1,0,1,0,0,0,0,0,1
20240513_062400.jpg,0,0,0,0,1,0,0,0,0,0,1
20240513_062500.jpg,0,0,0,0,0,0,0,0,0,0,1
20240513_062600.jpg,0,0,0,0,2,0,0,0,0,0,1
20240513_062700.jpg,0,0,1,0,2,0,0,0,0,0,1
20240513_062800.jpg,0,0,1,0,0,0,0,0,0,0,0
20240513_062900.jpg,0,0,1,0,2,0,0,0,0,0,0
20240513_063000.jpg,0,0,1,0,2,0,0,0,0,0,1
20240513_063100.jpg,0,0,0,0,3,0,0,0,0,0,1
20240513_063200.jpg,0,0,0,0,2,0,0,0,0,0,0
20240513_063300.jpg,0,0,1,0,7,0,0,0,0,0,0
20240513_063400.jpg,0,0,3,0,8,0,0,0,0,0,0
20240513_063500.jpg,0,0,0,0,4,0,0,0,0,0,0
20240513_063600.jpg,0,0,0,1,5,1,0,0,0,0,0
20240513_063700.jpg,0,0,1,0,2,0,0,0,0,0,0
20240513_063800.jpg,0,0,1,0,3,0,0,0,0,0,2
20240513_063900.jpg,0,0,0,1,1,0,0,0,0,0,1
20240513_064000.jpg,0,0,0,1,3,0,0,0,0,0,0
20240513_064100.jpg,0,0,1,0,1,0,0,0,0,0,1
20240513_064200.jpg,0,0,2,0,2,0,0,0,0,0,2
20240513_064300.jpg,0,0,3,0,4,1,0,0,0,0,2
20240513_064400.jpg,0,0,5,0,4,0,0,0,0,0,1
20240513_064500.jpg,0,0,3,0,6,0,0,0,0,0,1
20240513_064600.jpg,0,0,3,0,5,0,0,0,0,0,0
20240513_064700.jpg,0,0,1,0,4,0,0,0,0,0,0
20240513_064800.jpg,0,0,0,1,2,0,0,0,0,0,0
20240513_064900.jpg,0,0,3,1,2,0,0,0,0,0,0
20240513_065000.jpg,0,0,3,1,2,0,0,0,0,0,1
20240513_065100.jpg,0,0,4,0,2,0,0,0,0,0,0
20240513_065200.jpg,0,0,3,0,4,0,0,0,0,0,0
20240513_065300.jpg,0,0,2,0,4,0,0,0,1,0,1
20240513_065400.jpg,0,0,1,0,5,0,0,0,0,0,0
20240513_065500.jpg,0,0,1,1,3,0,0,0,0,0,1
20240513_065600.jpg,0,0,1,1,2,0,0,0,0,0,0
20240513_065700.jpg,0,0,2,1,8,0,0,0,0,0,1
20240513_065800.jpg,0,0,1,0,1,0,0,0,0,0,0
20240513_065900.jpg,0,0,2,0,3,0,0,0,0,0,1
20240513_070000.jpg,0,0,1,1,5,0,0,0,0,0,0
20240513_070100.jpg,0,0,1,0,4,0,0,0,0,0,0
20240513_070200.jpg,0,0,2,0,2,0,0,0,0,0,0
20240513_070300.jpg,0,0,0,0,1,0,0,0,0,0,0
20240513_070400.jpg,0,0,1,0,0,0,0,0,0,0,0
20240513_070500.jpg,0,0,1,0,0,0,0,0,0,0,0
20240513_070600.jpg,0,0,0,0,0,0,0,0,0,0,1
20240513_070700.jpg,0,0,1,0,1,0,0,0,0,0,0
20240513_070800.jpg,0,0,1,1,0,0,0,0,0,0,1
20240513_070900.jpg,0,0,2,0,0,0,0,0,0,0,0
20240513_071000.jpg,0,0,1,0,0,0,0,0,0,0,0
20240513_071100.jpg,0,0,1,0,4,0,0,0,0,0,1
20240513_071200.jpg,0,0,0,0,1,0,0,0,0,0,0
20240513_071300.jpg,0,0,0,0,0,0,0,0,0,0,1
20240513_071400.jpg,0,0,0,0,0,0,0,0,0,0,0
20240513_071500.jpg,0,0,0,0,1,0,0,0,0,0,1
20240513_071600.jpg,0,0,0,0,1,0,0,0,0,0,0
20240513_071700.jpg,0,0,0,0,3,0,0,0,0,0,1
20240513_071800.jpg,0,0,2,0,3,0,0,0,0,0,0
20240513_071900.jpg,0,0,3,0,3,0,0,0,0,0,0
20240513_072000.jpg,0,0,1,1,2,0,0,0,0,0,0
20240513_072100.jpg,0,0,4,1,4,0,0,0,0,0,0
20240513_072200.jpg,0,0,1,1,3,0,0,0,0,0,1
20240513_072300.jpg,0,0,0,1,7,0,0,0,0,0,1
20240513_072400.jpg,0,0,1,0,3,0,0,0,0,0,0
20240513_072500.jpg,0,0,2,0,5,0,0,0,0,0,1
20240513_072600.jpg,0,0,2,0,4,0,0,0,0,0,0
20240513_072700.jpg,0,0,0,0,2,0,0,0,0,0,0
20240513_072800.jpg,0,0,0,0,0,0,0,0,0,0,0
20240513_072900.jpg,0,0,0,0,1,0,0,0,0,0,1
20240513_073000.jpg,0,0,0,0,2,0,0,0,0,0,0
20240513_073100.jpg,0,0,0,0,3,0,0,0,0,0,0
20240513_073200.jpg,0,0,0,0,2,0,0,0,0,0,0
20240513_073300.jpg,0,0,1,0,4,0,0,0,0,0,0
20240513_073400.jpg,0,0,0,0,4,0,0,0,0,0,1
20240513_073500.jpg,0,0,0,0,2,0,0,0,0,0,1
20240513_073600.jpg,0,0,1,0,3,0,0,0,0,0,0
20240513_073700.jpg,0,0,4,1,6,0,0,0,0,0,2
20240513_073800.jpg,0,0,1,0,2,0,0,0,0,0,0
20240513_073900.jpg,0,0,0,1,5,0,0,0,0,0,0
20240513_074000.jpg,0,0,1,0,2,0,0,0,0,0,1
20240513_074100.jpg,0,0,0,0,4,0,0,0,0,0,0
20240513_074200.jpg,0,0,0,0,4,0,0,0,0,0,0
20240513_074300.jpg,0,0,1,0,2,0,0,0,0,0,0
20240513_074400.jpg,0,0,2,0,5,0,1,0,0,0,2
20240513_074500.jpg,0,0,0,0,1,0,0,0,0,0,0
20240513_074600.jpg,0,0,2,3,6,0,0,0,1,0,0
20240513_074700.jpg,0,0,4,0,3,0,0,0,0,0,0
20240513_074800.jpg,0,0,3,0,2,0,0,0,0,0,0
20240513_074900.jpg,0,0,3,0,2,0,0,0,0,0,0
20240513_075000.jpg,0,0,2,0,1,0,0,0,0,0,1
20240513_075100.jpg,0,0,3,0,8,0,0,0,0,0,1
20240513_075200.jpg,0,0,2,0,1,0,0,0,0,0,0
20240513_075300.jpg,0,0,3,1,5,0,0,0,0,0,3
20240513_075400.jpg,0,0,3,2,4,0,0,0,0,0,0
20240513_075500.jpg,0,0,3,0,4,0,0,0,0,0,0
20240513_075600.jpg,0,0,3,0,4,0,0,0,0,0,1
20240513_075700.jpg,0,0,2,0,3,0,0,0,0,0,1
20240513_075800.jpg,0,0,2,1,8,0,0,0,0,0,2
20240513_075900.jpg,0,1,2,0,3,0,0,0,0,0,0
20240513_080000.jpg,0,1,2,0,8,0,0,0,1,0,2
20240513_080100.jpg,0,0,3,0,9,0,0,0,0,0,0
20240513_080200.jpg,0,0,1,0,3,0,0,0,0,0,0
20240513_080300.jpg,0,0,4,0,2,0,0,0,0,0,0
20240513_080400.jpg,0,0,2,0,4,0,0,0,0,0,2
20240513_080500.jpg,0,0,2,2,4,0,0,0,0,0,2
20240513_080600.jpg,0,1,3,0,3,0,0,0,0,0,0
20240513_080700.jpg,0,0,3,0,7,0,0,0,0,0,1
20240513_080800.jpg,0,1,3,0,3,0,0,0,0,0,0
20240513_080900.jpg,0,0,1,0,4,0,0,0,0,0,0
20240513_081000.jpg,0,0,1,0,5,0,0,0,0,0,0
20240513_081100.jpg,0,0,1,0,3,0,0,0,0,0,0
20240513_081200.jpg,0,0,3,0,4,0,0,0,0,0,4
20240513_081300.jpg,0,0,2,1,3,0,0,0,0,0,1
20240513_081400.jpg,0,1,2,1,1,1,0,0,0,0,1
20240513_081500.jpg,0,0,1,0,5,0,0,0,0,0,0
20240513_081600.jpg,0,0,3,0,1,0,0,0,0,0,0
20240513_081700.jpg,0,0,5,2,3,0,0,0,0,0,0
20240513_081800.jpg,0,0,2,0,3,0,0,0,0,0,0
20240513_081900.jpg,0,0,3,0,7,0,0,0,0,0,1
20240513_082000.jpg,0,0,1,0,2,0,0,0,0,0,0
20240513_082100.jpg,0,0,3,0,6,0,0,0,0,0,0
20240513_082200.jpg,0,0,2,0,0,0,0,0,0,0,0
20240513_082300.jpg,0,0,1,0,1,0,0,0,0,0,1
20240513_082400.jpg,0,0,2,2,7,0,0,0,0,0,0
20240513_082500.jpg,0,0,1,1,1,0,0,0,0,0,1
20240513_082600.jpg,0,0,1,0,1,0,0,0,0,0,0
20240513_082700.jpg,0,0,1,0,0,0,0,0,0,0,0
20240513_082800.jpg,0,0,1,1,2,0,0,0,0,0,2
20240513_082900.jpg,0,0,2,0,0,0,0,0,0,0,0
20240513_083000.jpg,0,0,1,0,1,0,0,0,0,0,0
20240513_083100.jpg,0,0,2,0,1,0,0,0,0,0,1
20240513_083200.jpg,0,0,1,2,0,0,0,0,0,0,0
20240513_083300.jpg,0,0,2,1,1,0,0,0,0,0,1
20240513_083400.jpg,0,0,1,0,0,0,0,0,0,0,0
20240513_083500.jpg,0,0,0,0,1,0,0,0,0,0,1
20240513_083600.jpg,0,0,2,0,2,0,0,0,0,0,0
20240513_083700.jpg,0,0,0,0,2,0,0,0,0,0,0
20240513_083800.jpg,0,0,0,0,3,0,0,0,0,0,1
20240513_083900.jpg,0,0,0,0,0,0,0,0,0,0,0
20240513_084000.jpg,0,0,0,1,2,0,0,0,0,0,0
20240513_084100.jpg,0,0,0,0,1,0,0,0,0,0,1
20240513_084200.jpg,0,0,0,0,3,0,0,0,0,0,2
20240513_084300.jpg,0,0,2,0,0,0,0,0,0,0,1
20240513_084400.jpg,0,0,0,0,1,0,0,0,0,0,0
20240513_084500.jpg,0,0,0,0,0,0,0,0,0,0,0
20240513_084600.jpg,0,0,0,0,0,0,0,0,0,0,0
20240513_084700.jpg,0,1,1,0,4,0,0,0,0,0,1
20240513_084800.jpg,0,0,0,1,3,0,0,0,0,0,1
20240513_084900.jpg,0,0,0,0,1,0,0,0,0,0,0
20240513_085000.jpg,0,0,0,0,2,0,0,0,0,0,2
20240513_085100.jpg,0,0,0,0,2,0,0,0,0,0,1
20240513_085200.jpg,0,0,0,0,1,0,0,0,0,0,1
20240513_085300.jpg,0,0,0,0,1,0,0,0,0,0,1
20240513_085400.jpg,0,0,1,0,1,0,0,0,0,0,2
20240513_085500.jpg,0,0,0,0,4,0,0,0,0,0,2
20240513_085600.jpg,0,0,0,0,4,0,0,0,0,0,2
20240513_085700.jpg,0,0,0,0,3,0,0,0,0,0,1
20240513_085800.jpg,0,0,0,0,3,0,0,0,0,0,1
20240513_085900.jpg,0,0,0,0,1,0,0,0,0,0,2
20240513_090000.jpg,0,0,0,1,5,0,0,0,0,0,1
20240513_090100.jpg,0,0,0,1,2,0,0,0,0,0,2
20240513_090200.jpg,0,0,0,0,3,0,0,0,0,0,1
20240513_090300.jpg,0,0,3,0,1,0,0,0,0,0,1
20240513_090400.jpg,0,1,6,1,2,0,0,0,0,0,1
20240513_090500.jpg,0,0,2,0,3,0,0,0,0,0,0
20240513_090600.jpg,0,0,0,1,13,0,0,0,0,0,1
20240513_090700.jpg,0,0,0,0,3,0,0,0,0,0,0
20240513_090800.jpg,0,0,1,1,6,0,0,0,0,0,3
20240513_090900.jpg,0,0,3,0,3,0,0,0,0,0,0
20240513_091000.jpg,0,1,3,0,9,0,0,0,0,0,0
20240513_091100.jpg,0,0,2,0,7,0,0,0,0,0,0
20240513_091200.jpg,0,0,0,1,5,0,0,0,0,0,2
20240513_091300.jpg,0,0,0,1,9,0,0,0,0,0,0
20240513_091400.jpg,0,0,0,1,4,0,0,0,0,0,0
20240513_091500.jpg,0,0,2,1,8,0,0,0,0,0,2
20240513_091600.jpg,0,0,2,1,3,0,0,0,0,0,0
20240513_091700.jpg,0,0,3,0,10,0,0,0,0,0,0
20240513_091800.jpg,0,0,3,1,5,0,0,0,0,0,1
20240513_091900.jpg,0,0,1,0,8,0,0,0,1,0,0
20240513_092000.jpg,0,0,2,2,7,0,0,0,0,0,0
20240513_092100.jpg,0,0,0,1,4,0,0,0,0,0,0
20240513_092200.jpg,0,1,2,3,9,0,0,0,0,0,0
20240513_092300.jpg,0,0,1,0,2,0,0,0,0,0,0
20240513_092400.jpg,0,1,4,2,3,0,0,0,0,0,0
20240513_092500.jpg,0,0,5,1,6,0,0,0,0,0,1
20240513_092600.jpg,0,0,0,0,1,0,0,0,0,0,0
20240513_092700.jpg,0,0,1,0,6,0,0,0,0,0,0
20240513_092800.jpg,0,0,0,0,2,0,0,0,0,0,1
20240513_092900.jpg,0,0,1,2,7,0,0,0,0,0,2
20240513_093000.jpg,0,0,0,1,3,0,0,0,0,0,1
20240513_093100.jpg,0,0,1,2,5,0,0,0,0,0,1
20240513_093200.jpg,0,0,3,1,4,0,0,0,0,0,0
20240513_093300.jpg,0,0,2,1,1,0,0,0,0,0,0
20240513_093400.jpg,0,0,2,0,2,0,0,0,0,0,0
20240513_093500.jpg,0,0,0,0,1,0,0,0,0,0,1
20240513_093600.jpg,0,0,0,1,4,0,0,0,0,0,0
20240513_093700.jpg,0,0,1,0,1,0,0,0,0,0,0
20240513_093800.jpg,0,0,1,2,5,0,0,0,0,0,0
20240513_093900.jpg,0,0,0,0,3,0,0,0,0,0,0
20240513_094000.jpg,0,0,2,0,5,0,0,2,0,0,0
20240513_094100.jpg,0,0,2,1,4,0,1,2,0,0,0
20240513_094200.jpg,0,0,0,3,3,0,0,0,0,0,0
20240513_094300.jpg,0,0,2,0,5,0,0,0,0,0,2
20240513_094400.jpg,0,0,0,0,2,0,0,0,0,0,0
20240513_094500.jpg,0,0,2,0,6,0,0,0,0,0,1
20240513_094600.jpg,0,0,3,0,7,0,0,0,1,0,0
20240513_094700.jpg,0,0,0,0,2,0,0,0,1,0,0
20240513_094800.jpg,0,0,1,1,4,0,0,0,1,0,0
20240513_094900.jpg,0,0,1,1,1,0,0,0,1,0,0
20240513_095000.jpg,0,0,2,1,4,0,0,0,1,0,0
20240513_095100.jpg,0,0,2,2,4,0,0,0,0,0,2
20240513_095200.jpg,0,1,2,2,6,0,0,0,0,0,2
20240513_095300.jpg,0,0,3,1,6,0,0,0,0,0,1
20240513_095400.jpg,0,0,1,0,3,0,0,0,0,0,1
20240513_095500.jpg,0,0,1,0,3,0,0,0,0,0,0
20240513_095600.jpg,0,0,0,0,1,0,0,0,0,0,0
20240513_095700.jpg,0,0,0,1,8,0,0,0,1,0,3
20240513_095800.jpg,0,0,0,0,0,0,0,0,0,0,0
20240513_095900.jpg,0,2,2,3,4,0,0,0,0,0,1
20240513_100000.jpg,0,0,4,0,3,0,0,0,0,0,0
20240513_100100.jpg,0,0,1,2,3,0,0,0,1,0,0
20240513_100200.jpg,0,0,2,3,7,0,0,0,1,0,0
20240513_100300.jpg,0,0,0,1,1,0,0,0,0,0,0
20240513_100400.jpg,0,0,3,0,5,0,0,0,1,0,0
20240513_100500.jpg,0,0,2,1,6,0,2,1,0,0,2
20240513_100600.jpg,0,0,1,4,4,1,0,1,0,0,1
20240513_100700.jpg,0,0,2,1,6,0,5,0,1,0,0
20240513_100800.jpg,0,0,0,0,3,0,0,0,0,0,0
20240513_100900.jpg,0,0,4,3,4,0,0,0,0,0,0
20240513_101000.jpg,0,0,1,0,3,0,0,0,0,0,0
20240513_101100.jpg,0,0,2,1,9,0,0,0,2,0,4
20240513_101200.jpg,0,1,4,0,2,0,0,0,0,0,0
20240513_101300.jpg,0,0,0,2,5,0,0,0,0,0,0
20240513_101400.jpg,0,0,1,0,5,0,0,0,0,0,0
20240513_101500.jpg,0,0,1,0,1,0,0,0,0,0,4
20240513_101600.jpg,0,0,4,1,6,0,0,0,1,0,1
20240513_101700.jpg,0,0,1,0,2,0,0,0,0,0,0
20240513_101800.jpg,0,0,1,0,10,0,0,0,0,0,2
20240513_101900.jpg,0,0,1,0,4,0,0,0,0,0,0
20240513_102000.jpg,0,0,1,2,4,0,0,0,0,0,0
20240513_102100.jpg,0,0,2,2,4,0,0,0,0,0,0
20240513_102200.jpg,0,0,0,2,5,0,0,0,0,0,0
20240513_102300.jpg,0,0,0,2,7,0,0,0,0,0,0
20240513_102400.jpg,0,0,0,0,4,0,0,0,0,0,0
20240513_102500.jpg,0,0,0,0,4,0,0,0,0,0,0
20240513_102600.jpg,0,0,0,3,5,0,0,0,0,0,0
20240513_102700.jpg,0,0,0,4,2,0,0,0,0,0,1
20240513_102800.jpg,0,0,1,0,1,0,0,0,0,0,1
20240513_102900.jpg,0,0,0,0,2,0,0,0,0,0,0
20240513_103000.jpg,0,0,0,0,2,0,0,0,0,0,0
20240513_103100.jpg,0,0,1,0,1,0,0,0,0,0,0
20240513_103200.jpg,0,0,1,0,1,0,0,0,0,0,0
20240513_103300.jpg,0,0,0,0,1,0,0,0,0,0,1
20240513_103400.jpg,0,0,0,0,3,0,0,0,0,0,0
20240513_103500.jpg,0,0,2,0,5,0,0,0,0,0,0
20240513_103600.jpg,0,0,0,0,2,0,0,0,0,0,1
20240513_103700.jpg,0,0,1,0,4,0,0,0,0,0,1
20240513_103800.jpg,0,0,0,1,5,0,0,0,0,0,0
20240513_103900.jpg,0,0,0,0,1,0,0,0,0,0,0
20240513_104000.jpg,0,0,0,0,1,0,0,0,0,0,1
20240513_104100.jpg,0,0,0,0,3,0,0,0,0,0,0
20240513_104200.jpg,0,0,1,0,1,0,0,0,0,0,0
20240513_104300.jpg,0,0,0,0,4,0,0,0,0,0,0
20240513_104400.jpg,0,0,5,2,13,0,0,0,0,0,0
20240513_104500.jpg,0,0,2,0,2,0,0,0,0,0,0
20240513_104600.jpg,0,0,2,1,10,0,0,0,0,0,2
20240513_104700.jpg,0,0,0,0,6,0,0,0,0,0,0
20240513_104800.jpg,0,1,1,0,2,0,0,0,1,0,1
20240513_104900.jpg,0,0,3,0,1,0,0,0,0,0,0
20240513_105000.jpg,0,0,0,1,4,0,0,0,2,0,0
20240513_105100.jpg,0,0,2,2,3,0,0,0,0,0,1
20240513_105200.jpg,0,0,0,0,3,0,0,0,0,0,0
20240513_105300.jpg,0,0,1,0,1,0,0,0,0,0,0
20240513_105400.jpg,0,0,1,0,3,0,0,0,0,0,2
20240513_105500.jpg,0,0,0,0,2,0,0,0,0,0,0
20240513_105600.jpg,0,0,2,0,4,0,0,0,0,0,0
20240513_105700.jpg,0,0,0,0,4,0,0,0,0,0,0
20240513_105800.jpg,0,0,0,0,5,0,0,0,0,0,0
20240513_105900.jpg,0,0,0,0,2,0,0,0,0,0,2
20240513_110000.jpg,0,0,0,1,4,0,0,0,0,0,0
20240513_110100.jpg,0,0,0,0,6,0,0,0,0,0,2
20240513_110200.jpg,0,0,0,0,2,0,0,0,0,0,0
20240513_110300.jpg,0,0,0,0,4,0,0,0,0,0,0
20240513_110400.jpg,0,0,0,0,2,0,0,0,0,0,0
20240513_110500.jpg,0,0,0,0,2,0,0,0,0,0,0
20240513_110600.jpg,0,0,0,0,3,0,0,0,0,0,0
20240513_110700.jpg,0,0,0,1,1,0,0,0,0,0,1
20240513_110800.jpg,0,0,0,0,3,0,0,0,0,0,0
20240513_110900.jpg,0,0,0,0,2,0,0,0,0,0,0
20240513_111000.jpg,0,0,1,1,4,0,0,0,0,0,1
20240513_111100.jpg,0,0,0,2,4,0,0,0,0,0,0
20240513_111200.jpg,0,0,1,2,3,0,0,0,0,0,1
20240513_111300.jpg,0,0,1,0,3,0,0,0,0,0,0
20240513_111400.jpg,0,0,2,1,14,0,0,0,0,0,0
20240513_111500.jpg,0,0,1,1,6,0,0,0,0,0,0
20240513_111600.jpg,0,0,0,0,8,0,0,0,0,0,0
20240513_111700.jpg,0,0,2,0,8,0,0,0,1,0,0
20240513_111800.jpg,0,0,2,0,3,0,0,0,1,0,0
20240513_111900.jpg,0,0,2,2,7,0,0,0,0,0,0
20240513_112000.jpg,0,0,0,0,2,0,0,0,2,0,0
20240513_112100.jpg,0,0,1,0,11,0,0,0,0,0,1
20240513_112200.jpg,0,0,1,1,6,0,0,0,0,0,1
20240513_112300.jpg,0,0,0,0,4,0,0,0,0,0,0
20240513_112400.jpg,0,0,0,0,3,0,0,0,0,0,0
20240513_112500.jpg,0,0,0,1,0,0,0,0,0,0,0
20240513_112600.jpg,0,1,3,3,5,0,0,0,0,0,1
20240513_112700.jpg,0,0,0,0,0,0,0,0,0,0,0
20240513_112800.jpg,0,0,0,3,13,0,0,0,0,0,1
20240513_112900.jpg,0,0,3,0,1,0,0,0,0,0,0
20240513_113000.jpg,0,0,2,3,2,0,0,0,0,0,0
20240513_113100.jpg,0,0,2,2,6,0,0,0,0,0,0
20240513_113200.jpg,0,0,1,0,5,0,0,0,0,0,0
20240513_113300.jpg,0,0,2,1,11,0,0,0,0,0,1
20240513_113400.jpg,0,0,0,1,4,0,0,0,0,0,0
20240513_113500.jpg,0,1,0,1,9,0,0,0,0,0,0
20240513_113600.jpg,0,0,2,0,6,0,0,0,0,0,1
20240513_113700.jpg,0,0,0,1,5,0,0,0,0,0,1
20240513_113800.jpg,0,0,0,1,6,0,0,0,0,0,0
20240513_113900.jpg,0,0,0,0,9,0,0,0,0,0,0
20240513_114000.jpg,0,0,1,1,9,0,0,0,0,0,1
20240513_114100.jpg,0,0,0,0,5,0,0,1,0,0,0
20240513_114200.jpg,0,0,1,0,12,0,0,1,0,0,0
20240513_114300.jpg,0,0,3,0,9,0,0,0,0,0,1
20240513_114400.jpg,0,0,1,0,3,0,0,0,1,0,0
20240513_114500.jpg,0,0,3,2,3,0,0,0,0,0,0
20240513_114600.jpg,0,0,1,0,4,0,0,0,0,0,0
20240513_114700.jpg,0,0,3,0,7,0,0,0,0,0,2
20240513_114800.jpg,0,0,2,0,3,0,0,0,0,0,0
20240513_114900.jpg,0,0,4,0,7,0,4,0,1,0,1
20240513_115000.jpg,0,0,2,0,7,0,0,0,0,0,0
20240513_115100.jpg,0,0,1,1,4,0,0,0,1,0,0
20240513_115200.jpg,0,0,2,0,4,0,0,0,1,0,1
20240513_115300.jpg,0,0,2,0,0,0,0,0,0,0,0
20240513_115400.jpg,0,0,3,0,5,0,0,0,0,0,1
20240513_115500.jpg,0,0,0,0,3,0,0,0,1,0,0
20240513_115600.jpg,0,0,1,2,6,0,0,0,0,0,0
20240513_115700.jpg,0,0,1,0,5,0,5,0,2,0,0
20240513_115800.jpg,0,0,0,0,9,0,0,1,1,0,0
20240513_115900.jpg,0,0,0,0,10,0,2,0,1,0,0
20240513_120000.jpg,0,1,0,1,10,0,0,0,0,0,1
20240513_120100.jpg,0,0,3,0,6,0,0,0,0,0,1
20240513_120200.jpg,0,0,2,0,4,0,0,0,0,0,1
20240513_120300.jpg,0,0,2,1,11,0,0,0,0,0,0
20240513_120400.jpg,0,0,0,0,6,0,0,0,0,0,0
20240513_120500.jpg,0,0,1,1,10,0,0,0,0,0,1
20240513_120600.jpg,0,0,1,0,1,0,0,0,0,0,0
20240513_120700.jpg,0,1,2,1,9,0,0,0,0,0,1
20240513_120800.jpg,0,0,1,0,3,0,0,0,0,0,0
20240513_120900.jpg,0,0,0,1,4,0,0,0,0,0,0
20240513_121000.jpg,0,0,1,0,2,0,0,0,0,0,0
20240513_121100.jpg,0,0,0,0,2,0,0,0,1,0,0
20240513_121200.jpg,0,0,2,0,6,0,0,0,0,0,0
20240513_121300.jpg,0,1,1,0,2,0,0,0,0,0,0
20240513_121400.jpg,0,0,1,4,5,0,0,0,0,0,0
20240513_121500.jpg,0,0,4,0,4,0,0,0,0,0,0
20240513_121600.jpg,0,0,0,1,4,0,0,0,1,0,0
20240513_121700.jpg,0,0,3,2,4,0,0,0,0,0,0
20240513_121800.jpg,0,0,0,0,6,0,0,0,0,0,0
20240513_121900.jpg,0,0,1,2,14,0,0,0,0,0,2
20240513_122000.jpg,0,0,2,0,3,0,0,0,0,0,0
20240513_122100.jpg,0,0,3,2,11,0,0,0,0,0,0
20240513_122200.jpg,0,0,1,1,4,0,0,0,0,0,0
20240513_122300.jpg,0,0,0,1,4,0,0,0,0,0,2
20240513_122400.jpg,0,0,2,2,2,0,0,0,0,0,1
20240513_122500.jpg,0,0,0,0,3,0,0,0,0,0,2
20240513_122600.jpg,0,0,0,0,10,1,0,0,0,0,1
20240513_122700.jpg,0,0,1,1,5,0,0,0,0,0,0
20240513_122800.jpg,0,0,0,1,13,0,0,0,0,0,0
20240513_122900.jpg,0,0,2,0,7,0,0,0,0,0,1
20240513_123000.jpg,0,0,1,0,4,0,0,0,0,0,0
20240513_123100.jpg,0,0,0,0,8,0,1,0,1,0,1
20240513_123200.jpg,0,0,0,0,4,0,0,0,0,0,0
20240513_123300.jpg,0,0,2,1,4,0,0,0,1,0,2
20240513_123400.jpg,0,0,0,0,1,0,0,0,0,0,0
20240513_123500.jpg,0,2,2,1,10,0,0,0,0,0,1
20240513_123600.jpg,0,0,0,0,8,0,0,0,0,0,0
20240513_123700.jpg,0,0,2,1,5,0,0,0,0,0,0
20240513_123800.jpg,0,0,2,1,6,0,0,0,0,0,0
20240513_123900.jpg,0,0,0,0,5,0,0,0,0,0,1
20240513_124000.jpg,0,1,1,1,7,0,0,0,0,0,1
20240513_124100.jpg,0,0,1,1,2,0,0,0,0,0,0
20240513_124200.jpg,0,0,0,2,10,0,0,0,0,0,0
20240513_124300.jpg,0,0,1,0,7,0,0,0,0,0,0
20240513_124400.jpg,0,0,2,2,5,0,0,0,0,0,0
20240513_124500.jpg,0,0,1,1,5,0,0,0,0,0,0
20240513_124600.jpg,0,0,1,0,2,0,0,0,0,0,1
20240513_124700.jpg,0,0,1,1,12,0,0,0,0,0,0
20240513_124800.jpg,0,1,1,0,6,0,0,1,0,0,1
20240513_124900.jpg,0,0,0,0,13,0,0,1,2,0,3
20240513_125000.jpg,0,0,1,1,8,0,0,0,0,0,1
20240513_125100.jpg,0,0,1,0,4,0,0,2,0,0,0
20240513_125200.jpg,0,0,4,1,8,0,0,1,0,0,0
20240513_125300.jpg,0,0,0,1,3,0,0,0,0,0,0
20240513_125400.jpg,0,0,1,1,15,0,0,0,2,0,0
20240513_125500.jpg,0,0,1,1,1,0,0,0,0,0,0
20240513_125600.jpg,0,0,2,4,12,0,1,0,3,0,1
20240513_125700.jpg,0,0,4,0,5,0,0,0,0,0,0
20240513_125800.jpg,0,0,1,1,7,0,0,2,0,0,0
20240513_125900.jpg,0,0,3,1,10,0,0,0,0,0,1
20240513_130000.jpg,0,0,1,0,2,0,0,0,1,0,0
20240513_130100.jpg,0,0,2,1,11,0,0,0,0,0,1
20240513_130200.jpg,0,0,0,0,5,0,0,0,0,0,0
20240513_130300.jpg,0,0,1,0,18,0,0,0,0,0,2
20240513_130400.jpg,0,0,4,1,6,0,0,0,0,0,0
20240513_130500.jpg,0,0,0,0,4,0,0,0,0,0,2
20240513_130600.jpg,0,0,0,0,6,0,0,0,0,0,1
20240513_130700.jpg,0,0,0,0,2,0,0,0,0,0,0
20240513_130800.jpg,0,0,2,0,5,0,0,0,0,0,2
20240513_130900.jpg,0,0,0,0,1,0,0,0,0,0,0
20240513_131000.jpg,0,0,2,1,5,0,0,0,0,0,1
20240513_131100.jpg,0,0,1,0,3,0,0,0,0,0,0
20240513_131200.jpg,0,0,0,0,2,0,0,0,0,0,0
20240513_131300.jpg,0,0,2,1,7,0,0,0,0,0,0
20240513_131400.jpg,0,0,0,1,1,0,0,0,0,0,0
20240513_131500.jpg,0,0,2,1,13,0,0,0,0,0,0
20240513_131600.jpg,0,0,1,0,4,0,0,0,0,0,0
20240513_131700.jpg,0,0,1,2,13,0,0,0,0,0,1
20240513_131800.jpg,0,0,2,1,10,0,0,0,0,0,1
20240513_131900.jpg,0,0,1,0,1,0,0,0,1,0,0
20240513_132000.jpg,0,0,1,0,4,0,0,0,0,0,1
20240513_132100.jpg,0,0,0,0,4,0,0,0,0,0,2
20240513_132200.jpg,0,0,0,0,12,0,0,0,0,0,3
20240513_132300.jpg,0,0,1,0,5,0,0,0,1,0,0
20240513_132400.jpg,0,0,1,2,8,1,0,0,1,0,2
20240513_132500.jpg,0,0,4,2,8,0,0,0,0,0,0
20240513_132600.jpg,0,0,1,1,6,0,0,0,0,0,1
20240513_132700.jpg,0,0,1,0,11,0,3,0,0,0,1
20240513_132800.jpg,0,0,1,0,5,0,0,0,0,0,0
20240513_132900.jpg,0,1,4,1,11,0,0,0,0,0,1
20240513_133000.jpg,0,0,0,0,0,0,0,0,0,0,0
20240513_133100.jpg,0,0,1,4,4,0,0,0,0,0,2
20240513_133200.jpg,0,0,2,0,5,0,0,0,0,0,0
20240513_133300.jpg,0,1,0,1,7,0,0,0,1,0,2
20240513_133400.jpg,0,0,2,1,7,0,0,0,0,0,2
20240513_133500.jpg,0,0,0,0,2,0,0,0,0,0,0
20240513_133600.jpg,0,0,2,1,5,0,0,0,0,0,2
20240513_133700.jpg,0,0,1,0,4,0,0,0,0,0,0
20240513_133800.jpg,0,0,1,3,9,0,0,0,2,0,2
20240513_133900.jpg,0,0,1,1,9,0,0,0,0,0,1
20240513_134000.jpg,0,0,1,2,4,0,0,0,0,0,0
20240513_134100.jpg,0,0,3,1,8,0,0,0,0,0,1
20240513_134200.jpg,0,0,2,2,9,0,0,0,0,0,0
20240513_134300.jpg,0,1,4,2,12,0,0,0,0,0,0
20240513_134400.jpg,0,0,3,0,3,0,0,1,0,0,0
20240513_134500.jpg,0,0,4,1,10,0,0,1,0,0,0
20240513_134600.jpg,0,0,3,2,10,0,1,0,1,0,1
20240513_134700.jpg,0,0,1,1,7,0,0,0,0,0,1
20240513_134800.jpg,0,1,1,0,5,0,0,0,0,0,2
20240513_134900.jpg,0,0,0,0,9,0,0,1,0,0,2
20240513_135000.jpg,0,0,0,1,12,1,0,1,0,0,1
20240513_135100.jpg,0,0,0,1,6,0,0,2,1,0,0
20240513_135200.jpg,0,0,0,3,10,0,4,1,0,0,2
20240513_135300.jpg,0,0,3,2,8,0,0,0,0,0,1
20240513_135400.jpg,0,0,2,0,6,0,0,0,0,0,0
20240513_135500.jpg,0,0,3,0,9,0,0,0,0,0,1
20240513_135600.jpg,0,0,0,1,3,0,0,0,0,0,0
20240513_135700.jpg,0,0,2,0,9,0,0,0,0,0,0
20240513_135800.jpg,0,0,1,1,7,0,0,0,0,0,2
20240513_135900.jpg,0,0,3,2,13,0,1,0,0,0,3
20240513_140000.jpg,0,0,6,1,8,0,0,0,0,0,0
20240513_140100.jpg,0,0,1,0,4,0,0,0,0,0,1
20240513_140200.jpg,0,0,0,0,10,0,0,0,0,0,3
20240513_140300.jpg,0,0,0,1,7,0,0,0,0,0,0
20240513_140400.jpg,0,0,1,2,10,0,0,0,0,0,1
20240513_140500.jpg,0,0,0,1,5,0,0,0,0,0,0
20240513_140600.jpg,0,0,1,2,8,0,0,0,0,0,1
20240513_140700.jpg,0,0,0,2,5,0,0,0,0,0,1
20240513_140800.jpg,0,0,0,2,5,0,0,0,0,0,2
20240513_140900.jpg,0,0,0,1,9,0,0,0,0,0,2
20240513_141000.jpg,0,0,1,0,4,0,0,0,0,0,2
20240513_141100.jpg,0,0,2,0,11,0,0,0,1,0,1
20240513_141200.jpg,0,0,1,0,3,0,0,0,0,0,0
20240513_141300.jpg,0,0,0,1,11,0,0,0,0,0,1
20240513_141400.jpg,0,0,0,0,3,0,0,0,0,0,0
20240513_141500.jpg,0,0,0,0,3,0,0,0,0,0,0
20240513_141600.jpg,0,0,1,0,4,0,0,0,0,0,0
20240513_141700.jpg,0,0,1,0,5,0,0,0,0,0,0
20240513_141800.jpg,0,0,0,1,1,0,0,0,0,0,1
20240513_141900.jpg,0,0,1,1,2,0,0,0,0,0,0
20240513_142000.jpg,0,0,3,1,7,0,0,0,0,0,1
20240513_142100.jpg,0,0,4,1,5,0,0,0,0,0,2
20240513_142200.jpg,0,0,1,1,3,0,0,0,0,0,0
20240513_142300.jpg,0,0,5,0,5,0,0,0,0,0,2
20240513_142400.jpg,0,0,0,0,6,0,0,0,0,0,0
20240513_142500.jpg,0,0,2,3,9,0,0,0,0,0,3
20240513_142600.jpg,0,1,1,0,4,0,0,0,0,0,0
20240513_142700.jpg,0,0,0,1,14,0,0,0,0,0,2
20240513_142800.jpg,0,0,2,1,3,0,0,0,1,0,0
20240513_142900.jpg,0,0,1,1,5,0,0,0,1,0,0
20240513_143000.jpg,0,0,3,0,10,0,0,0,0,0,0
20240513_143100.jpg,0,0,3,2,6,0,0,0,0,0,0
20240513_143200.jpg,0,0,2,2,8,0,0,0,0,0,1
20240513_143300.jpg,0,0,3,1,5,0,0,0,0,0,2
20240513_143400.jpg,0,0,2,0,11,0,0,0,0,0,3
20240513_143500.jpg,0,0,2,2,10,0,0,0,0,0,3
20240513_143600.jpg,0,0,0,1,7,0,0,0,0,0,2
20240513_143700.jpg,0,0,3,2,8,0,0,0,0,0,1
20240513_143800.jpg,0,0,0,1,4,0,0,0,0,0,0
20240513_143900.jpg,0,0,0,4,8,0,0,0,0,0,1
20240513_144000.jpg,0,0,0,1,2,0,0,0,0,0,0
20240513_144100.jpg,0,0,0,0,5,0,0,0,0,0,1
20240513_144200.jpg,0,0,1,1,3,0,0,0,0,0,0
20240513_144300.jpg,0,0,0,0,8,0,0,0,0,0,2
20240513_144400.jpg,0,0,0,1,9,0,0,0,0,0,2
20240513_144500.jpg,0,0,2,2,2,0,0,0,0,0,2
20240513_144600.jpg,0,0,1,3,6,0,0,0,0,0,2
20240513_144700.jpg,0,0,3,3,5,0,0,1,0,0,0
20240513_144800.jpg,0,0,3,1,11,0,0,2,0,0,0
20240513_144900.jpg,0,0,0,2,8,0,4,0,1,0,1
20240513_145000.jpg,0,0,3,0,9,0,0,1,1,0,0
20240513_145100.jpg,0,0,7,0,10,0,0,1,0,0,0
20240513_145200.jpg,0,0,3,0,14,0,0,0,0,0,0
20240513_145300.jpg,0,0,3,3,13,0,0,0,0,0,0
20240513_145400.jpg,0,0,2,1,10,0,0,0,2,0,2
20240513_145500.jpg,0,0,1,1,16,0,1,0,0,0,2
20240513_145600.jpg,0,0,7,0,8,0,0,0,0,0,1
20240513_145700.jpg,0,0,1,1,8,0,0,0,0,0,4
20240513_145800.jpg,0,0,5,2,14,0,0,0,0,0,3
20240513_145900.jpg,0,0,1,1,10,0,0,0,0,0,0
20240513_150000.jpg,0,0,2,1,15,0,0,0,0,0,1
20240513_150100.jpg,0,0,2,3,6,0,0,0,0,0,1
20240513_150200.jpg,0,0,2,3,14,0,0,0,0,0,1
20240513_150300.jpg,0,0,5,0,11,0,0,0,0,0,0
20240513_150400.jpg,0,0,2,2,5,0,0,0,0,0,0
20240513_150500.jpg,0,0,4,1,8,0,0,0,0,0,1
20240513_150600.jpg,0,0,3,0,5,0,0,0,0,0,0
20240513_150700.jpg,0,0,2,1,11,0,0,0,0,0,2
20240513_150800.jpg,0,0,3,1,9,0,0,0,1,0,0
20240513_150900.jpg,0,0,0,1,5,0,0,0,0,0,0
20240513_151000.jpg,0,0,2,0,2,0,0,0,0,0,0
20240513_151100.jpg,0,0,1,0,4,0,0,0,0,0,0
20240513_151200.jpg,0,0,0,0,5,0,0,0,0,0,0
20240513_151300.jpg,0,0,0,0,5,0,0,0,0,0,0
20240513_151400.jpg,0,0,3,0,5,0,0,0,0,0,0
20240513_151500.jpg,0,0,0,1,3,0,0,0,0,0,0
20240513_151600.jpg,0,0,1,0,6,0,0,0,0,0,0
20240513_151700.jpg,0,0,2,0,6,0,0,0,0,0,2
20240513_151800.jpg,0,0,0,0,8,0,0,0,0,0,1
20240513_151900.jpg,0,0,1,0,6,0,0,0,0,0,1
20240513_152000.jpg,0,0,0,1,5,0,0,0,0,0,1
20240513_152100.jpg,0,0,0,0,3,0,0,0,0,0,0
20240513_152200.jpg,0,0,0,0,5,0,0,0,0,0,0
20240513_152300.jpg,0,0,0,0,6,0,0,0,0,0,1
20240513_152400.jpg,0,0,1,1,8,0,0,0,0,0,0
20240513_152500.jpg,0,0,0,2,2,0,0,0,0,0,0
20240513_152600.jpg,0,0,0,0,3,0,0,0,0,0,0
20240513_152700.jpg,0,0,0,0,3,0,0,0,0,0,0
20240513_152800.jpg,0,0,0,0,6,0,0,0,0,0,0
20240513_152900.jpg,0,0,1,0,8,0,0,0,0,0,0
20240513_153000.jpg,0,0,0,0,7,0,0,0,0,0,0
20240513_153100.jpg,0,0,0,1,4,1,0,0,0,0,0
20240513_153200.jpg,0,0,1,0,5,0,0,0,0,0,1
20240513_153300.jpg,0,0,1,0,5,0,0,0,0,0,0
20240513_153400.jpg,0,0,0,1,8,0,0,0,0,0,0
20240513_153500.jpg,0,0,0,1,8,0,0,0,0,0,0
20240513_153600.jpg,0,0,0,0,4,0,0,0,0,0,0
20240513_153700.jpg,0,0,1,0,4,0,0,0,0,0,0
20240513_153800.jpg,0,0,2,0,6,0,0,0,0,0,0
20240513_153900.jpg,0,0,0,1,2,0,0,0,0,0,0
20240513_154000.jpg,0,0,0,0,2,0,0,0,0,0,0
20240513_154100.jpg,0,0,0,0,5,0,0,0,0,0,0
20240513_154200.jpg,0,0,3,0,1,0,0,0,0,0,0
20240513_154300.jpg,0,0,0,0,4,0,0,0,0,0,0
20240513_154400.jpg,0,0,1,2,3,0,0,0,0,0,0
20240513_154500.jpg,0,0,0,0,3,0,0,0,0,0,0
20240513_154600.jpg,0,0,0,0,4,0,0,0,0,0,0
20240513_154700.jpg,0,0,1,0,5,0,0,0,0,0,1
20240513_154800.jpg,0,0,0,0,4,0,0,0,0,0,0
20240513_154900.jpg,0,0,0,0,2,0,0,0,0,0,0
20240513_155000.jpg,0,0,1,1,6,0,0,0,0,0,0
20240513_155100.jpg,0,0,1,2,4,0,0,0,0,0,1
20240513_155200.jpg,0,0,2,0,3,0,0,0,0,0,1
20240513_155300.jpg,0,0,0,0,4,0,0,0,0,0,0
20240513_155400.jpg,0,0,0,0,5,0,0,0,0,0,0
20240513_155500.jpg,0,0,0,0,6,0,0,0,0,0,0
20240513_155600.jpg,0,0,0,0,10,0,0,0,0,0,1
20240513_155700.jpg,0,0,0,0,3,0,0,0,0,0,0
20240513_155800.jpg,0,0,0,0,11,0,0,0,0,0,1
20240513_155900.jpg,0,0,0,0,9,0,0,0,0,0,0
20240513_160000.jpg,0,0,0,1,5,0,0,0,0,0,1
20240513_160100.jpg,0,0,0,0,6,0,0,0,0,0,0
20240513_160200.jpg,0,0,0,1,6,0,0,0,0,0,0
20240513_160300.jpg,0,0,0,1,5,0,0,0,0,0,0
20240513_160400.jpg,0,0,0,0,7,0,0,0,0,0,0
20240513_160500.jpg,0,0,1,6,8,0,0,0,0,0,0
20240513_160600.jpg,0,0,2,2,4,0,0,0,0,0,0
20240513_160700.jpg,0,0,1,2,8,0,0,0,0,0,0
20240513_160800.jpg,0,1,1,2,10,0,0,0,0,0,0
20240513_160900.jpg,0,0,1,1,6,0,0,0,0,0,0
20240513_161000.jpg,0,0,2,0,9,0,0,0,0,0,2
20240513_161100.jpg,0,0,2,0,2,0,0,0,0,0,0
20240513_161200.jpg,0,1,1,3,7,0,0,0,0,0,0
20240513_161300.jpg,0,0,2,0,4,0,0,0,1,0,0
20240513_161400.jpg,0,0,0,0,5,0,0,0,0,0,0
20240513_161500.jpg,0,1,2,0,8,0,0,0,0,0,0
20240513_161600.jpg,0,0,0,1,7,0,0,0,0,0,0
20240513_161700.jpg,0,0,1,3,14,0,0,0,0,0,2
20240513_161800.jpg,0,0,1,2,8,0,0,0,0,0,1
20240513_161900.jpg,0,1,1,3,11,0,0,0,0,0,1
20240513_162000.jpg,0,0,2,0,8,0,0,0,0,0,2
20240513_162100.jpg,0,0,2,0,10,0,0,0,0,0,1
20240513_162200.jpg,0,0,4,2,12,0,0,0,0,0,0
20240513_162300.jpg,0,0,2,2,6,0,0,0,0,0,0
20240513_162400.jpg,0,0,2,7,13,0,0,0,2,0,0
20240513_162500.jpg,0,1,2,1,10,0,0,0,0,0,0
20240513_162600.jpg,0,0,0,6,20,0,0,0,0,0,0
20240513_162700.jpg,0,0,1,1,15,0,0,0,0,0,0
20240513_162800.jpg,0,0,3,3,10,0,0,0,0,0,0
20240513_162900.jpg,0,0,6,2,19,0,0,0,0,0,0
20240513_163000.jpg,0,0,4,1,8,0,0,1,0,0,0
20240513_163100.jpg,0,0,6,0,11,0,0,0,0,0,1
20240513_163200.jpg,0,0,1,0,4,0,0,0,0,0,1
20240513_163300.jpg,0,0,1,0,5,0,0,0,0,0,1
20240513_163400.jpg,0,0,1,0,5,0,0,0,0,0,0
20240513_163500.jpg,0,0,0,0,6,0,0,0,0,0,0
20240513_163600.jpg,0,0,0,1,10,0,0,0,0,0,2
20240513_163700.jpg,0,0,0,0,4,0,0,0,0,0,0
20240513_163800.jpg,0,0,1,1,7,0,0,0,0,0,0
20240513_163900.jpg,0,0,2,0,5,0,0,0,0,0,1
20240513_164000.jpg,0,0,0,5,12,0,0,0,0,0,0
20240513_164100.jpg,0,0,2,1,15,0,0,0,0,0,0
20240513_164200.jpg,0,0,3,1,12,0,0,0,1,0,0
20240513_164300.jpg,0,0,2,2,8,0,0,0,0,0,0
20240513_164400.jpg,0,0,2,4,5,0,0,0,0,0,0
20240513_164500.jpg,0,0,3,4,8,0,0,0,1,0,1
20240513_164600.jpg,0,0,3,5,5,0,0,0,0,0,0
20240513_164700.jpg,0,0,3,5,8,0,0,0,2,0,0
20240513_164800.jpg,0,0,3,3,8,0,0,0,0,0,0
20240513_164900.jpg,0,0,2,1,6,0,0,1,0,0,0
20240513_165000.jpg,0,0,6,4,9,0,0,1,0,0,0
20240513_165100.jpg,0,0,1,1,6,0,0,0,0,0,0
20240513_165200.jpg,0,0,4,4,14,0,0,0,0,0,1
20240513_165300.jpg,0,0,1,1,11,0,0,0,0,0,1
20240513_165400.jpg,0,0,1,1,12,0,0,0,0,0,1
20240513_165500.jpg,0,0,2,1,11,0,0,0,0,0,1
20240513_165600.jpg,0,0,4,1,3,0,0,0,0,0,0
20240513_165700.jpg,0,0,4,3,6,0,0,0,0,0,0
20240513_165800.jpg,0,0,1,3,9,0,0,0,0,0,0
20240513_165900.jpg,0,0,2,1,12,0,0,0,0,0,0
20240513_170000.jpg,0,0,1,3,11,0,0,0,0,0,0
20240513_170100.jpg,0,0,1,3,11,0,0,0,0,0,0
20240513_170200.jpg,0,0,2,2,9,0,0,0,0,0,0
20240513_170300.jpg,0,0,5,0,7,0,0,0,3,0,0
20240513_170400.jpg,0,2,5,1,11,0,0,0,0,0,0
20240513_170500.jpg,0,0,3,1,9,0,0,0,0,0,0
20240513_170600.jpg,0,0,4,2,13,0,0,0,0,0,0
20240513_170700.jpg,0,0,4,0,6,0,0,0,0,0,0
20240513_170800.jpg,0,0,5,2,10,0,0,0,0,0,0
20240513_170900.jpg,0,0,5,2,8,0,0,0,0,0,0
20240513_171000.jpg,0,0,2,2,5,0,0,0,0,0,1
20240513_171100.jpg,0,0,4,0,10,0,0,0,0,0,3
20240513_171200.jpg,0,0,3,2,8,0,0,0,0,0,1
20240513_171300.jpg,0,1,6,5,7,0,0,0,0,0,3
20240513_171400.jpg,0,0,3,1,6,0,0,0,1,0,1
20240513_171500.jpg,0,0,4,4,10,0,0,0,1,0,0
20240513_171600.jpg,0,0,4,1,6,0,0,0,0,0,0
20240513_171700.jpg,0,0,4,1,8,0,0,0,0,0,0
20240513_171800.jpg,0,0,3,1,8,0,0,0,0,0,0
20240513_171900.jpg,0,0,2,3,12,0,0,0,0,0,0
20240513_172000.jpg,0,0,3,1,21,0,0,0,0,0,0
20240513_172100.jpg,0,0,2,2,13,0,0,0,0,0,0
20240513_172200.jpg,0,1,3,2,18,0,0,0,0,0,0
20240513_172300.jpg,0,0,4,1,12,0,0,0,0,0,1
20240513_172400.jpg,0,0,1,3,6,0,0,0,0,0,1
20240513_172500.jpg,0,0,3,3,7,0,0,0,1,0,1
20240513_172600.jpg,0,0,4,2,7,0,0,0,0,0,0
20240513_172700.jpg,0,0,3,3,14,0,0,0,0,0,0
20240513_172800.jpg,0,0,1,0,8,0,0,0,0,0,1
20240513_172900.jpg,0,0,0,4,11,0,0,0,1,0,0
20240513_173000.jpg,0,0,0,1,16,0,0,0,0,0,2
20240513_173100.jpg,0,0,4,2,8,0,0,0,0,0,0
20240513_173200.jpg,0,0,5,1,10,0,0,0,0,0,0
20240513_173300.jpg,0,0,0,0,6,0,0,0,0,0,1
20240513_173400.jpg,0,0,0,3,8,0,3,0,1,0,2
20240513_173500.jpg,0,0,1,3,6,0,0,0,0,0,1
20240513_173600.jpg,0,0,4,2,4,0,0,0,0,0,2
20240513_173700.jpg,0,0,3,2,7,0,0,0,0,0,0
20240513_173800.jpg,0,0,0,0,8,0,0,0,0,0,0
20240513_173900.jpg,0,0,0,0,1,0,0,0,0,0,0
20240513_174000.jpg,0,0,0,1,5,0,0,0,0,0,0
20240513_174100.jpg,0,0,0,0,1,0,0,0,0,0,0
20240513_174200.jpg,0,0,0,0,3,0,0,0,0,0,0
20240513_174300.jpg,0,0,1,0,8,0,0,0,0,0,0
20240513_174400.jpg,0,0,0,0,6,0,0,0,0,0,0
20240513_174500.jpg,0,0,0,0,4,0,0,0,0,0,0
20240513_174600.jpg,0,0,1,0,2,0,0,0,0,0,0
20240513_174700.jpg,0,0,0,1,3,0,0,0,0,0,0
20240513_174800.jpg,0,0,0,0,2,0,0,0,0,0,0
20240513_174900.jpg,0,0,1,0,4,0,0,0,0,0,0
20240513_175000.jpg,0,0,1,0,2,0,0,0,0,0,0
20240513_175100.jpg,0,0,1,1,1,0,0,0,0,0,0
20240513_175200.jpg,0,0,0,2,2,0,0,0,0,0,0
20240513_175300.jpg,0,0,0,2,1,0,0,0,0,0,0
20240513_175400.jpg,0,0,0,0,1,0,0,0,0,0,0
20240513_175500.jpg,0,0,0,0,2,0,0,0,0,0,0
20240513_175600.jpg,0,0,0,2,2,0,0,0,0,0,0
20240513_175700.jpg,0,0,0,1,6,0,0,0,0,0,0
20240513_175800.jpg,0,0,1,0,3,0,0,0,0,0,0
20240513_175900.jpg,0,0,0,0,4,0,0,0,0,0,0
20240513_180000.jpg,0,0,0,1,4,0,0,0,0,0,0
20240513_180100.jpg,0,0,0,1,1,0,0,0,0,0,0
20240513_180200.jpg,0,0,0,0,3,0,0,0,0,0,0
20240513_180300.jpg,0,0,0,1,3,0,0,0,0,0,0
20240513_180400.jpg,0,0,0,0,3,0,0,0,0,0,0
20240513_180500.jpg,0,0,1,0,2,0,0,0,0,0,0
20240513_180600.jpg,0,0,0,1,5,0,0,0,0,0,0
20240513_180700.jpg,0,0,2,2,7,0,0,0,1,0,1
20240513_180800.jpg,0,0,1,3,4,0,0,0,0,0,0
20240513_180900.jpg,0,0,5,4,11,0,0,0,0,0,0
20240513_181000.jpg,0,0,1,0,4,0,0,0,0,0,0
20240513_181100.jpg,0,0,3,4,10,0,0,0,0,0,0
20240513_181200.jpg,0,0,1,1,13,0,0,0,0,0,0
20240513_181300.jpg,0,0,0,1,8,0,0,0,0,0,0
20240513_181400.jpg,0,0,1,5,14,0,0,0,0,0,0
20240513_181500.jpg,0,0,0,2,4,0,0,0,0,0,2
20240513_181600.jpg,0,0,1,4,12,0,0,0,0,0,2
20240513_181700.jpg,0,0,2,0,2,0,0,0,0,0,0
20240513_181800.jpg,0,0,4,3,10,0,0,0,0,0,0
20240513_181900.jpg,0,0,6,4,5,0,0,0,0,0,1
20240513_182000.jpg,0,0,0,1,3,0,0,0,0,0,0
20240513_182100.jpg,0,0,4,2,10,0,0,0,0,0,0
20240513_182200.jpg,0,0,1,0,3,0,0,0,0,0,0
20240513_182300.jpg,0,0,2,0,8,0,0,0,0,0,0
20240513_182400.jpg,0,0,0,1,4,0,0,0,0,0,0
20240513_182500.jpg,0,0,0,3,8,0,0,0,0,0,0
20240513_182600.jpg,0,0,2,1,0,0,0,0,0,0,1
20240513_182700.jpg,0,0,2,4,4,0,0,0,0,0,0
20240513_182800.jpg,0,0,2,1,8,0,0,0,0,0,0
20240513_182900.jpg,0,0,0,0,5,0,0,0,1,0,0
20240513_183000.jpg,0,0,0,1,11,0,0,0,0,0,1
20240513_183100.jpg,0,0,0,0,2,0,0,0,0,0,0
20240513_183200.jpg,0,0,1,1,8,0,0,0,0,0,2
20240513_183300.jpg,0,0,1,1,5,0,0,0,0,0,0
20240513_183400.jpg,0,0,1,4,5,0,0,1,0,0,0
20240513_183500.jpg,0,0,2,0,8,0,4,0,0,0,0
20240513_183600.jpg,0,0,1,0,7,0,0,0,0,0,0
20240513_183700.jpg,0,0,2,1,12,0,0,0,0,0,0
20240513_183800.jpg,1,0,1,0,4,0,0,0,0,0,0
20240513_183900.jpg,1,0,1,1,10,0,0,0,1,0,1
20240513_184000.jpg,1,0,2,3,10,0,0,0,0,0,1
20240513_184100.jpg,0,0,2,2,5,0,0,0,0,0,0
20240513_184200.jpg,1,0,0,2,8,0,0,0,0,0,2
20240513_184300.jpg,0,0,1,0,4,0,0,0,0,0,0
20240513_184400.jpg,1,0,1,2,11,0,0,0,0,0,1
20240513_184500.jpg,1,0,0,0,2,0,0,0,0,0,0
20240513_184600.jpg,0,0,3,1,12,0,0,0,0,0,0
20240513_184700.jpg,0,0,3,0,4,0,0,0,0,0,0
20240513_184800.jpg,1,0,3,2,5,0,0,0,0,0,0
20240513_184900.jpg,0,0,3,1,10,0,1,0,1,0,0
20240513_185000.jpg,0,0,2,0,2,0,0,0,0,0,0
20240513_185100.jpg,0,1,5,0,2,0,0,0,0,0,0
20240513_185200.jpg,1,0,0,0,6,0,0,0,0,0,0
20240513_185300.jpg,1,0,2,0,14,0,0,0,0,0,0
20240513_185400.jpg,0,0,1,0,8,0,0,0,0,0,0
20240513_185500.jpg,1,0,1,2,8,0,0,0,0,0,0
20240513_185600.jpg,1,0,2,1,9,0,0,0,0,0,2
20240513_185700.jpg,1,0,1,1,8,0,0,0,0,0,0
20240513_185800.jpg,1,0,2,3,12,0,0,0,0,0,0
20240513_185900.jpg,1,0,0,0,5,0,0,0,1,0,0
20240513_190000.jpg,0,0,0,1,14,0,0,0,0,0,0
20240513_190100.jpg,0,0,2,1,8,0,0,0,0,0,1
20240513_190200.jpg,0,0,1,0,5,0,0,0,0,0,0
20240513_190300.jpg,0,0,1,1,4,0,0,0,0,0,1
20240513_190400.jpg,0,0,0,0,5,0,0,0,0,0,1
20240513_190500.jpg,0,0,3,2,5,0,0,0,0,0,0
20240513_190600.jpg,0,0,1,0,2,0,0,0,0,0,1
20240513_190700.jpg,0,0,1,1,10,0,0,0,0,0,1
20240513_190800.jpg,0,0,1,3,3,0,0,0,0,0,0
20240513_190900.jpg,0,0,1,1,5,0,0,0,0,0,0
20240513_191000.jpg,0,0,3,1,3,0,0,0,0,0,0
20240513_191100.jpg,0,0,1,0,4,0,0,0,1,0,0
20240513_191200.jpg,0,0,2,1,12,0,0,0,1,0,0
20240513_191300.jpg,0,0,0,2,4,0,0,0,0,0,0
20240513_191400.jpg,0,0,0,6,9,0,0,0,0,0,1
20240513_191500.jpg,0,0,2,1,8,0,0,0,0,0,0
20240513_191600.jpg,0,0,0,7,10,0,0,0,0,0,0
20240513_191700.jpg,0,0,2,3,8,0,0,0,0,0,0
20240513_191800.jpg,0,0,0,0,3,0,0,0,0,0,1
20240513_191900.jpg,0,0,5,1,8,0,0,0,0,0,1
20240513_192000.jpg,0,0,0,1,5,0,0,0,0,0,0
20240513_192100.jpg,0,0,0,4,11,0,0,0,0,0,1
20240513_192200.jpg,0,0,3,2,2,0,0,0,0,0,0
20240513_192300.jpg,0,0,2,2,6,0,0,0,0,0,1
20240513_192400.jpg,0,0,0,3,7,0,0,0,0,0,0
20240513_192500.jpg,0,0,0,0,6,0,0,0,1,0,0
20240513_192600.jpg,0,0,2,3,8,0,0,0,0,0,1
20240513_192700.jpg,0,1,0,1,8,0,0,0,0,0,0
20240513_192800.jpg,0,0,1,3,9,0,0,0,0,0,0
20240513_192900.jpg,0,0,1,0,5,0,0,1,0,0,0
20240513_193000.jpg,0,0,1,3,8,0,0,2,0,0,2
20240513_193100.jpg,0,0,2,2,3,0,0,0,0,0,1
20240513_193200.jpg,0,0,0,1,3,0,0,0,0,0,0
20240513_193300.jpg,0,0,1,4,9,0,0,0,0,0,0
20240513_193400.jpg,0,0,0,1,4,0,0,0,0,0,0
20240513_193500.jpg,0,0,1,3,9,0,0,0,0,0,0
20240513_193600.jpg,0,0,1,2,3,0,0,0,0,0,0
20240513_193700.jpg,0,0,0,4,3,0,1,0,3,0,1
20240513_193800.jpg,0,0,4,2,4,0,0,0,0,0,0
20240513_193900.jpg,0,0,2,3,0,0,0,0,0,0,0
20240513_194000.jpg,0,0,1,2,4,0,0,0,0,0,0
20240513_194100.jpg,0,0,0,0,4,0,0,0,0,0,0
20240513_194200.jpg,0,0,3,4,7,0,0,0,0,0,0
20240513_194300.jpg,0,0,0,2,4,0,0,0,1,0,0
20240513_194400.jpg,0,0,0,3,6,0,0,0,1,0,1
20240513_194500.jpg,0,0,2,3,4,0,0,0,0,0,1
20240513_194600.jpg,0,0,2,4,1,0,0,1,0,0,0
20240513_194700.jpg,0,0,2,3,8,0,0,2,0,0,0
20240513_194800.jpg,0,0,1,3,6,0,0,0,0,0,0
20240513_194900.jpg,0,1,0,4,11,0,0,0,0,0,0
20240513_195000.jpg,0,0,0,1,6,0,0,0,0,0,0
20240513_195100.jpg,0,1,1,6,9,0,0,0,1,0,0
20240513_195200.jpg,0,0,3,4,4,0,0,0,0,0,0
20240513_195300.jpg,0,0,1,3,4,0,0,0,0,0,0
20240513_195400.jpg,0,0,1,4,6,0,0,0,0,0,0
20240513_195500.jpg,0,0,0,0,3,0,0,0,0,0,0
20240513_195600.jpg,0,1,3,3,5,0,0,0,0,0,1
20240513_195700.jpg,0,0,1,0,2,0,0,0,0,0,0
20240513_195800.jpg,0,0,0,3,6,0,0,0,0,0,1
20240513_195900.jpg,0,0,0,0,0,1,0,0,0,0,0
20240513_200000.jpg,0,0,1,1,5,0,0,0,0,0,1
20240513_200100.jpg,0,0,0,2,4,0,0,0,0,0,1
20240513_200200.jpg,0,0,1,3,3,0,0,0,0,0,1
20240513_200300.jpg,0,0,2,4,8,0,0,0,0,0,0
20240513_200400.jpg,0,0,0,2,3,0,0,0,0,0,0
20240513_200500.jpg,0,0,0,5,9,0,0,0,1,0,0
20240513_200600.jpg,0,1,1,3,7,0,1,0,0,0,0
20240513_200700.jpg,0,0,0,1,3,0,0,0,0,0,0
20240513_200800.jpg,0,0,2,0,5,0,0,0,1,0,0
20240513_200900.jpg,0,0,0,0,4,0,0,0,0,0,0
20240513_201000.jpg,0,0,2,4,9,0,0,0,0,0,0
20240513_201100.jpg,0,0,0,1,4,0,0,0,0,0,0
20240513_201200.jpg,0,1,1,4,4,0,0,0,1,0,1
20240513_201300.jpg,0,0,2,2,5,0,0,0,0,0,0
20240513_201400.jpg,0,0,3,1,5,0,0,0,0,0,0
20240513_201500.jpg,0,0,1,1,7,0,0,0,0,0,0
20240513_201600.jpg,0,0,0,0,2,0,0,0,0,0,0
20240513_201700.jpg,0,0,1,3,6,0,0,0,0,0,0
20240513_201800.jpg,0,0,1,0,0,0,0,0,0,0,0
20240513_201900.jpg,0,0,0,1,4,0,0,0,1,0,1
20240513_202000.jpg,0,0,3,1,4,0,0,0,0,0,0
20240513_202100.jpg,0,0,2,1,2,0,0,0,0,0,0
20240513_202200.jpg,0,0,2,1,3,0,0,0,0,0,0
20240513_202300.jpg,0,0,0,0,2,0,0,0,0,0,0
20240513_202400.jpg,0,0,2,1,5,0,0,0,0,0,0
20240513_202500.jpg,0,0,0,0,2,0,0,0,0,0,0
20240513_202600.jpg,0,0,0,5,10,0,0,0,0,0,0
20240513_202700.jpg,0,0,1,3,5,0,0,0,0,0,0
20240513_202800.jpg,0,0,2,2,4,0,0,0,0,0,0
20240513_202900.jpg,0,0,2,3,7,0,0,0,0,0,0
20240513_203000.jpg,0,0,1,1,3,0,0,0,0,0,0
20240513_203100.jpg,0,1,0,4,8,0,0,0,0,0,0
20240513_203200.jpg,0,0,0,0,4,0,0,0,0,0,0
20240513_203300.jpg,0,0,0,3,11,0,0,0,0,0,0
20240513_203400.jpg,0,0,1,0,5,0,0,0,0,0,0
20240513_203500.jpg,0,0,0,2,2,0,0,0,0,0,0
20240513_203600.jpg,0,0,3,3,4,0,0,0,0,0,1
20240513_203700.jpg,0,0,1,1,6,0,0,0,0,0,0
20240513_203800.jpg,0,0,3,3,6,0,0,0,0,0,0
20240513_203900.jpg,0,0,1,2,1,0,0,0,0,0,0
20240513_204000.jpg,0,0,1,5,4,0,0,0,0,0,0
20240513_204100.jpg,0,0,0,4,2,0,0,0,0,0,0
20240513_204200.jpg,0,0,0,0,5,0,0,0,0,0,0
20240513_204300.jpg,0,0,0,0,11,0,0,0,1,0,0
20240513_204400.jpg,0,0,0,0,2,0,0,0,0,0,0
20240513_204500.jpg,0,0,1,2,8,0,0,0,1,0,0
20240513_204600.jpg,0,0,0,0,2,0,0,0,0,0,0
20240513_204700.jpg,0,0,0,2,6,0,0,0,0,0,0
20240513_204800.jpg,0,0,1,0,4,0,0,0,1,0,0
20240513_204900.jpg,0,0,0,2,1,0,0,0,1,0,0
20240513_205000.jpg,0,0,0,2,5,0,0,0,1,0,0
20240513_205100.jpg,0,0,0,1,5,0,0,0,0,0,0
20240513_205200.jpg,0,0,1,1,9,0,0,0,0,0,0
20240513_205300.jpg,0,0,1,2,5,0,0,0,0,0,0
20240513_205400.jpg,0,0,0,3,7,0,0,0,1,0,0
20240513_205500.jpg,0,0,0,1,4,0,0,0,0,0,0
20240513_205600.jpg,0,0,0,2,6,0,0,0,0,0,0
20240513_205700.jpg,0,0,0,5,5,0,0,0,0,0,0
20240513_205800.jpg,0,0,1,0,1,0,0,0,1,0,0
20240513_205900.jpg,0,0,1,0,6,0,0,0,0,0,0
20240513_210000.jpg,0,0,2,0,3,0,0,0,0,0,0
20240513_210100.jpg,0,0,0,5,8,0,0,0,0,0,0
20240513_210200.jpg,0,0,0,0,3,0,0,0,0,0,0
20240513_210300.jpg,0,0,2,3,2,0,0,0,0,0,0
20240513_210400.jpg,0,0,2,1,2,0,0,0,0,0,1
20240513_210500.jpg,0,0,0,0,1,0,0,0,0,0,0
20240513_210600.jpg,0,0,1,2,11,0,0,0,0,0,0
20240513_210700.jpg,0,0,1,1,1,0,0,0,0,0,0
20240513_210800.jpg,0,0,1,3,5,0,0,0,0,0,0
20240513_210900.jpg,0,0,1,1,6,0,0,0,1,0,0
20240513_211000.jpg,0,0,0,1,2,0,0,0,0,0,0
20240513_211100.jpg,0,0,0,3,3,0,0,0,0,0,0
20240513_211200.jpg,0,0,0,0,1,0,0,0,0,0,0
20240513_211300.jpg,0,0,2,1,7,0,0,0,0,0,0
20240513_211400.jpg,0,0,0,1,0,0,0,0,0,0,0
20240513_211500.jpg,0,0,0,1,10,0,0,0,0,0,0
20240513_211600.jpg,0,0,0,1,2,0,0,0,0,0,0
20240513_211700.jpg,0,1,0,2,5,0,0,0,0,0,0
20240513_211800.jpg,0,0,0,3,6,0,0,0,0,0,0
20240513_211900.jpg,0,0,1,0,3,0,0,0,0,0,0
20240513_212000.jpg,0,0,1,3,7,0,0,0,0,0,0
20240513_212100.jpg,0,0,0,0,1,0,0,0,0,0,0
20240513_212200.jpg,0,0,1,2,5,0,0,0,0,0,0
20240513_212300.jpg,0,0,1,0,2,0,0,0,0,0,0
20240513_212400.jpg,0,0,0,0,8,0,0,0,0,0,0
20240513_212500.jpg,0,0,2,2,9,0,0,0,0,0,0
20240513_212600.jpg,0,0,0,2,2,0,0,0,0,0,0
20240513_212700.jpg,0,0,1,3,5,0,0,0,0,0,0
20240513_212800.jpg,0,0,0,0,1,0,0,0,0,0,0
20240513_212900.jpg,0,0,1,4,6,0,0,0,0,0,0
20240513_213000.jpg,0,0,1,0,4,0,0,0,0,0,0
20240513_213100.jpg,0,0,0,1,1,0,0,0,0,0,0
20240513_213200.jpg,0,0,1,3,7,0,0,0,1,0,0
20240513_213300.jpg,0,0,0,3,2,0,0,0,0,0,0
20240513_213400.jpg,0,0,1,5,3,0,0,0,0,0,0
20240513_213500.jpg,0,0,0,0,2,0,0,0,0,0,0
20240513_213600.jpg,0,0,0,3,2,0,0,0,0,0,0
20240513_213700.jpg,0,0,2,0,3,0,0,0,0,0,0
20240513_213800.jpg,0,0,0,1,3,0,0,0,0,0,0
20240513_213900.jpg,0,0,1,3,3,0,0,0,0,0,0
20240513_214000.jpg,0,0,0,1,2,0,0,0,0,0,0
20240513_214100.jpg,0,0,0,4,3,0,0,0,0,0,0
20240513_214200.jpg,0,0,0,0,3,0,0,0,0,0,0
20240513_214300.jpg,0,0,0,3,5,0,0,0,0,0,1
20240513_214400.jpg,0,0,0,0,7,0,0,0,0,0,0
20240513_214500.jpg,0,0,1,0,4,0,0,0,0,0,0
20240513_214600.jpg,0,0,2,0,4,0,0,0,0,0,1
20240513_214700.jpg,0,0,0,0,4,0,0,0,0,0,0
20240513_214800.jpg,0,0,0,1,10,0,0,0,0,0,2
20240513_214900.jpg,0,0,0,0,2,0,0,0,0,0,1
20240513_215000.jpg,0,0,0,0,4,0,0,0,0,0,1
20240513_215100.jpg,0,0,0,2,3,0,0,0,0,0,0
20240513_215200.jpg,0,0,1,1,4,0,0,0,0,0,0
20240513_215300.jpg,0,0,1,2,9,0,0,0,0,0,0
20240513_215400.jpg,0,0,0,1,4,0,0,0,0,0,0
20240513_215500.jpg,0,0,0,1,6,0,0,0,0,0,0
20240513_215600.jpg,0,0,0,0,3,0,0,0,0,0,0
20240513_215700.jpg,0,0,1,3,11,0,0,0,0,0,0
20240513_215800.jpg,0,0,2,1,5,0,0,0,0,0,1
20240513_215900.jpg,0,0,0,0,6,0,0,0,0,0,0
20240513_220000.jpg,0,0,0,4,13,0,0,0,0,0,0
20240513_220100.jpg,0,0,0,0,4,0,0,0,0,0,0
20240513_220200.jpg,0,0,0,2,6,0,0,0,0,0,1
20240513_220300.jpg,0,0,1,0,5,0,0,0,0,0,0
20240513_220400.jpg,0,0,2,2,8,0,0,0,0,0,0
20240513_220500.jpg,0,0,0,0,5,0,0,1,0,0,0
20240513_220600.jpg,0,0,0,0,3,0,0,0,0,0,0
20240513_220700.jpg,0,0,0,2,7,0,0,1,0,0,0
20240513_220800.jpg,0,0,0,1,3,0,0,0,0,0,0
20240513_220900.jpg,0,0,0,1,10,0,0,0,0,0,0
20240513_221000.jpg,0,0,0,2,3,0,0,0,0,0,0
20240513_221100.jpg,0,0,1,2,8,0,0,0,0,0,1
20240513_221200.jpg,0,0,0,1,7,0,0,0,0,0,0
20240513_221300.jpg,0,0,0,2,9,0,0,0,0,0,1
20240513_221400.jpg,0,0,0,0,5,0,0,0,0,0,0
20240513_221500.jpg,0,0,0,1,10,0,0,0,0,0,0
20240513_221600.jpg,0,0,0,0,7,0,0,0,0,0,0
20240513_221700.jpg,0,0,0,4,7,0,0,0,0,0,0
20240513_221800.jpg,0,0,0,0,4,0,0,0,0,0,0
20240513_221900.jpg,0,0,0,1,11,0,0,0,0,0,0
20240513_222000.jpg,0,0,0,1,4,0,0,0,0,0,0
20240513_222100.jpg,0,0,0,2,2,0,0,0,0,0,0
20240513_222200.jpg,0,0,0,0,2,0,0,0,0,0,0
20240513_222300.jpg,0,0,0,1,7,0,0,0,0,0,0
20240513_222400.jpg,0,0,0,1,6,0,0,0,0,0,0
20240513_222500.jpg,0,0,0,1,8,0,0,0,0,0,0
20240513_222600.jpg,0,0,0,2,2,0,0,0,0,0,1
20240513_222700.jpg,0,0,0,3,8,0,0,0,0,0,0
20240513_222800.jpg,0,0,0,0,1,0,0,0,0,0,0
20240513_222900.jpg,0,0,0,1,5,0,0,0,1,0,0
20240513_223000.jpg,0,0,0,0,3,0,0,0,0,0,0
20240513_223100.jpg,0,0,0,0,4,0,0,0,0,0,0
20240513_223200.jpg,0,0,0,0,3,0,0,0,0,0,0
20240513_223300.jpg,0,0,0,2,8,0,0,0,0,0,0
20240513_223400.jpg,0,0,0,0,3,0,0,0,0,0,0
20240513_223500.jpg,0,0,0,0,3,0,0,0,1,0,0
20240513_223600.jpg,0,0,0,0,1,0,0,0,0,0,0
20240513_223700.jpg,0,0,0,1,6,0,0,0,0,0,0
20240513_223800.jpg,0,0,0,1,3,0,0,0,0,0,0
20240513_223900.jpg,0,0,0,2,8,0,0,0,0,0,0
20240513_224000.jpg,0,0,0,1,7,0,0,0,0,0,0
20240513_224100.jpg,0,0,0,2,6,0,0,0,0,0,0
20240513_224200.jpg,0,0,0,3,5,0,0,0,0,0,0
20240513_224300.jpg,0,0,0,4,8,0,0,0,0,0,0
20240513_224400.jpg,0,0,0,1,6,0,0,0,0,0,0
20240513_224500.jpg,0,0,0,2,1,0,0,0,0,0,0
20240513_224600.jpg,0,0,0,1,3,0,0,0,0,0,0
20240513_224700.jpg,0,0,1,0,2,0,0,0,0,0,0
20240513_224800.jpg,0,0,0,1,0,0,0,0,0,0,0
20240513_224900.jpg,0,0,0,1,1,0,0,0,0,0,0
20240513_225000.jpg,0,0,0,1,1,0,0,0,0,0,0
20240513_225100.jpg,0,0,0,2,2,0,0,0,0,0,0
20240513_225200.jpg,0,0,0,1,3,0,0,0,0,0,0
20240513_225300.jpg,0,0,1,1,1,0,0,0,0,0,0
20240513_225400.jpg,0,0,0,1,2,0,0,0,0,0,0
20240513_225500.jpg,0,0,1,2,1,0,0,0,0,0,0
20240513_225600.jpg,0,0,0,1,0,0,0,0,0,0,0
20240513_225700.jpg,0,0,0,2,0,0,0,0,0,0,0
20240513_225800.jpg,0,0,0,1,1,0,0,0,0,0,0
20240513_225900.jpg,0,0,0,2,1,0,0,0,0,0,0
20240513_230000.jpg,0,0,0,2,1,0,0,0,0,0,0
20240513_230100.jpg,0,0,1,2,1,0,0,0,0,0,0
20240513_230200.jpg,0,0,0,2,0,0,0,0,0,0,0
20240513_230300.jpg,0,0,0,0,1,0,0,0,0,0,0
20240513_230400.jpg,0,0,0,0,2,0,0,0,0,0,0
20240513_230500.jpg,0,0,0,2,1,0,0,0,0,0,0
20240513_230600.jpg,0,0,0,1,3,0,0,0,0,0,0
20240513_230700.jpg,0,0,0,1,2,0,0,0,0,0,0
20240513_230800.jpg,0,0,0,1,1,0,0,0,0,0,0
20240513_230900.jpg,0,0,0,1,3,0,0,0,0,0,0
20240513_231000.jpg,0,0,0,1,0,0,0,0,0,0,0
20240513_231100.jpg,0,0,1,0,2,0,0,0,0,0,0
20240513_231200.jpg,0,0,1,1,1,0,0,0,0,0,0
20240513_231300.jpg,0,0,0,1,1,0,0,0,0,0,0
20240513_231400.jpg,0,0,0,1,0,0,0,0,0,0,0
20240513_231500.jpg,0,0,0,0,2,0,0,0,0,0,0
20240513_231600.jpg,0,0,0,2,0,0,0,0,0,0,0
20240513_231700.jpg,0,0,0,1,0,0,0,0,0,0,0
20240513_231800.jpg,0,0,0,0,1,0,0,0,0,0,0
20240513_231900.jpg,0,0,0,1,1,0,0,0,0,0,0
20240513_232000.jpg,0,0,1,1,2,0,0,0,0,0,0
20240513_232100.jpg,0,0,0,1,0,0,0,0,0,0,0
20240513_232200.jpg,0,0,0,2,0,0,0,0,0,0,0
20240513_232300.jpg,0,0,0,2,0,0,0,0,0,0,0
20240513_232400.jpg,0,0,1,2,0,0,0,0,0,0,0
20240513_232500.jpg,0,0,0,2,0,0,0,0,0,0,0
20240513_232600.jpg,0,0,0,1,2,0,0,0,0,0,0
20240513_232700.jpg,0,0,1,0,2,0,0,0,0,0,0
20240513_232800.jpg,0,0,0,1,2,0,0,0,0,0,0
20240513_232900.jpg,0,0,1,1,2,0,0,0,0,0,0
20240513_233000.jpg,0,0,0,2,6,0,0,0,0,0,0
20240513_233100.jpg,0,0,0,5,10,0,0,0,0,0,0
20240513_233200.jpg,0,0,0,3,5,0,0,1,0,0,0
20240513_233300.jpg,0,0,0,7,5,0,0,1,0,0,0
20240513_233400.jpg,0,0,0,7,6,0,0,0,0,0,0
20240513_233500.jpg,0,0,0,7,10,0,0,0,0,0,0
20240513_233600.jpg,0,0,0,6,5,0,0,1,0,0,0
20240513_233700.jpg,0,0,0,12,7,0,0,1,1,0,0
20240513_233800.jpg,0,0,0,7,5,0,0,1,0,0,0
20240513_233900.jpg,0,0,0,7,7,0,0,1,0,0,0
20240513_234000.jpg,0,0,0,4,6,0,0,1,0,0,0
20240513_234100.jpg,0,0,1,4,5,0,0,1,0,0,0
20240513_234200.jpg,0,0,1,6,6,0,0,0,0,0,0
20240513_234300.jpg,0,0,0,5,7,0,0,0,0,0,0
20240513_234400.jpg,0,0,0,3,5,0,0,0,0,0,0
20240513_234500.jpg,0,0,0,6,9,0,0,1,0,0,0
20240513_234600.jpg,0,0,0,3,6,0,0,1,0,0,0
20240513_234700.jpg,0,0,0,3,6,0,0,0,0,0,0
20240513_234800.jpg,0,0,0,2,6,0,0,0,0,0,1
20240513_234900.jpg,0,0,0,2,9,0,0,0,0,0,0
20240513_235000.jpg,0,0,0,1,7,0,0,1,0,0,0
20240513_235100.jpg,0,0,0,1,8,0,0,0,0,0,0
20240513_235200.jpg,0,0,0,1,4,0,0,1,0,0,0
20240513_235300.jpg,0,0,0,3,4,0,0,0,0,0,0
20240513_235400.jpg,0,0,0,1,4,0,0,1,0,0,0
20240513_235500.jpg,0,0,0,3,5,0,0,0,0,0,1
20240513_235600.jpg,0,0,0,3,3,0,0,0,0,0,1
20240513_235700.jpg,0,0,0,7,9,0,0,0,0,0,0
20240513_235800.jpg,0,0,0,3,4,0,0,0,0,0,0
20240513_235900.jpg,0,0,0,5,4,0,0,0,0,0,0
